id,lat,lon
400000,38.081167,-122.547606
400001,37.364085,-121.901149
400002,37.584097,-122.328465
400006,37.605003,-122.065542
400007,37.586936,-122.337721
400009,37.864883,-122.303345
400010,37.623668,-122.400687
400011,38.041862,-122.536533
400014,37.245818,-121.775473
400015,37.534901,-122.076575
400017,37.253303,-121.94544
400025,37.891953,-122.062776
400026,37.809074,-122.244479
400027,37.914241,-122.317388
400028,37.649733,-122.451962
400030,37.359087,-121.906538
400031,37.787056,-122.196191
400037,37.943413,-122.05914
400038,37.622701,-122.078223
400039,37.635096,-122.403232
400040,37.294625,-121.873166
400041,37.633535,-122.085656
400043,37.753591,-122.403092
400044,38.116435,-122.106331
400045,37.363402,-121.902233
400048,37.86726,-122.199105
400049,38.015319,-121.992996
400050,37.688984,-122.114253
400052,37.255791,-121.875479
400053,37.862379,-122.034414
400057,37.335022,-121.935522
400059,37.250481,-121.907735
400060,37.87181,-122.305549
400065,37.32044,-121.890471
400067,37.597694,-122.060285
400069,37.385758,-121.977493
400071,37.567395,-122.26939
400073,37.2563,-121.955559
400074,38.108307,-122.22977
400075,37.82576,-122.275143
400078,37.91393,-122.066407
400079,37.904377,-122.313309
400082,37.980187,-122.317007
400083,37.839128,-122.264826
400084,37.329258,-122.012053
400085,37.255594,-121.87471
400088,37.414988,-121.912685
400090,37.819048,-121.993114
400091,37.70723,-122.162087
400093,37.811953,-122.303779
400094,37.776769,-122.236107
400095,37.900816,-122.310886
400096,37.418049,-121.972381
400097,37.279012,-122.010614
400098,37.589175,-122.359999
400100,37.295052,-121.938872
400101,37.872945,-122.189548
400103,37.839085,-122.26443
400104,37.419313,-121.95548
400105,37.779363,-121.976498
400106,37.586325,-122.332169
400107,37.550467,-122.293264
400108,37.190197,-121.992771
400109,37.362706,-121.889426
400110,37.951045,-122.055749
400111,37.70141,-121.888557
400112,37.998096,-122.038232
400113,37.932553,-122.326013
400115,37.688688,-122.114306
400116,37.633443,-122.403124
400118,37.780247,-121.976637
400119,37.608473,-122.389316
400122,37.36614,-121.901132
400124,38.037879,-122.248062
400125,37.617067,-122.398437
400126,37.856366,-122.301014
400127,37.516003,-122.106861
400128,38.084974,-122.233096
400132,37.243208,-121.806387
400134,37.731787,-122.188781
400137,37.54653,-122.022581
400138,37.31631,-121.829714
400141,37.523522,-121.989607
400143,38.074388,-122.541483
400145,37.251693,-121.838501
400146,37.680405,-122.123301
400147,37.34221,-121.926305
400148,37.250664,-121.912479
400149,37.4118,-122.077964
400150,37.872824,-122.043122
400152,37.805539,-121.990262
400153,37.700938,-121.828882
400154,37.226342,-121.975157
400156,37.727079,-122.445019
400158,37.421059,-121.93678
400160,37.348392,-121.860589
400162,37.552555,-122.307411
400164,37.530179,-122.093116
400168,37.391166,-121.995524
400169,37.870801,-122.042021
400171,37.891457,-122.152067
400172,37.376264,-121.939712
400174,37.403686,-122.06976
400176,37.866963,-122.303994
400178,37.276988,-121.863502
400180,37.674405,-122.114201
400181,37.244125,-121.772528
400182,37.925458,-122.320648
400183,37.689942,-122.390669
400184,37.966533,-122.056341
400185,37.303131,-122.034527
400186,37.572471,-122.046218
400189,37.493107,-121.948928
400190,37.771395,-122.223163
400192,37.71565,-122.173379
400193,37.935254,-122.060384
400195,37.321278,-121.834098
400197,37.895088,-122.112962
400201,37.419186,-121.962831
400202,37.92135,-122.337615
400203,37.822145,-122.259965
400204,37.521657,-122.102892
400206,37.381356,-121.96211
400207,37.82774,-121.997739
400208,37.922084,-122.061731
400209,37.319961,-122.049031
400211,37.889123,-122.057695
400212,37.755539,-121.962311
400213,37.259192,-121.967128
400214,38.079686,-122.545663
400216,37.919642,-122.332292
400218,37.803542,-122.301498
400221,37.293614,-121.937899
400222,37.275395,-122.004702
400223,37.208606,-121.722043
400224,37.835531,-122.266013
400225,37.689656,-122.136588
400227,37.377237,-121.943586
400228,37.71769,-122.175415
400231,37.762469,-122.392743
400232,37.46898,-121.907492
400235,38.030242,-122.255308
400236,37.325105,-121.893262
400237,37.209941,-121.722999
400238,37.413256,-121.912324
400240,37.258184,-121.953853
400242,37.824311,-122.291457
400246,37.38562,-121.976214
400248,37.546915,-122.023163
400249,37.506892,-121.966671
400251,37.893156,-122.123812
400252,37.687544,-122.133225
400253,37.342957,-121.925721
400255,37.727662,-122.402599
400257,37.29173,-121.871969
400258,37.313568,-121.886074
400260,37.703072,-122.393983
400261,37.805061,-122.234851
400263,37.573665,-122.317153
400264,37.413855,-122.082578
400265,38.069896,-122.126516
400268,37.255651,-121.858078
400270,38.022121,-121.962176
400272,37.546868,-122.290231
400274,37.409909,-121.995942
400275,37.667821,-122.108348
400276,37.6271,-122.430565
400278,37.266561,-121.948692
400280,37.262054,-121.858503
400283,38.053731,-122.530648
400284,37.630267,-122.083308
400287,38.11639,-122.106098
400289,37.896274,-122.107979
400291,37.546976,-122.290032
400292,37.316378,-121.972052
400295,38.069862,-122.126383
400296,37.420359,-121.93915
400297,37.689523,-122.119266
400298,37.293047,-121.937861
400300,37.786178,-122.245519
400301,37.998129,-122.285223
400302,37.800558,-122.227577
400303,37.87465,-122.044591
400304,38.069309,-122.538884
400307,37.997771,-122.03856
400308,37.800758,-122.227469
400309,37.495016,-121.951359
400312,37.677442,-122.118925
400313,37.993511,-122.301607
400314,37.552335,-122.307355
400316,37.637161,-122.4041
400317,37.529874,-122.093324
400318,37.731198,-122.436258
400319,37.50528,-122.335462
400321,37.659179,-122.103312
400322,37.734299,-122.409462
400323,37.892701,-122.16068
400324,38.018713,-121.942807
400325,37.304612,-121.818006
400329,37.903574,-122.31244
400330,37.398628,-122.026802
400331,37.62072,-122.399676
400333,37.719584,-122.177086
400334,37.701133,-121.81961
400335,37.714602,-121.932779
400336,37.250624,-121.928209
400337,38.075741,-122.231688
400338,37.67345,-122.46795
400339,37.798217,-122.216962
400340,37.623521,-122.40095
400341,37.771469,-122.22307
400343,37.348907,-121.917833
400345,37.882713,-122.1802
400349,38.057912,-122.530824
400350,37.505148,-122.335924
400353,37.383125,-121.967496
400354,37.892849,-122.166614
400359,37.922431,-122.357855
400360,37.730698,-122.187572
400361,37.937368,-122.326196
400363,37.505941,-121.965865
400369,38.088318,-122.109682
400370,37.317672,-121.88931
400372,37.38482,-121.974251
400376,37.496503,-121.924073
400378,37.925318,-122.320965
400380,37.818999,-122.296819
400381,37.590637,-122.36193
400382,38.037635,-122.536716
400383,37.670804,-122.110602
400388,37.480426,-122.174688
400389,37.887084,-122.177406
400390,38.081356,-122.547451
400392,38.063597,-122.535214
400393,37.837669,-122.014011
400394,37.364382,-121.902692
400395,37.914244,-122.325871
400397,37.726891,-122.445512
400400,37.34241,-121.854543
400401,37.827616,-121.997921
400402,37.615421,-122.397724
400406,37.83111,-122.266925
400407,37.914274,-122.325581
400409,37.490584,-121.945998
400410,37.240325,-121.782062
400411,37.980256,-122.317154
400413,37.881791,-122.181562
400414,37.317942,-121.977301
400416,37.228152,-121.974056
400417,37.500569,-121.958606
400418,37.291922,-121.871631
400420,37.587303,-122.351386
400421,37.594295,-122.367943
400422,37.715784,-122.173158
400423,37.541467,-122.065681
400425,37.460699,-122.1415
400427,37.646153,-122.094899
400428,38.041791,-122.536263
400429,37.319424,-121.993175
400430,37.992091,-122.307341
400432,37.864887,-122.30302
400435,37.403153,-122.047463
400436,37.271687,-121.947037
400437,37.812737,-121.993371
400438,37.87761,-122.184005
400439,37.595859,-122.370348
400440,37.353727,-121.865827
400441,37.595999,-122.37006
400442,37.730017,-122.18722
400443,37.937479,-122.325945
400444,37.25025,-121.835557
400445,37.932712,-122.325878
400446,37.77449,-121.974048
400448,37.541756,-122.065675
400449,37.419452,-121.955498
400450,37.83784,-122.013794
400451,37.561479,-122.036403
400453,37.460848,-122.141364
400454,37.803327,-122.301708
400457,37.276926,-121.863886
400460,38.05375,-122.530892
400461,37.254781,-121.878917
400462,38.181993,-122.133971
400463,37.661372,-122.104698
400464,37.258029,-121.962211
400465,37.98862,-122.313232
400468,37.521308,-121.985517
400470,37.914219,-122.317555
400473,37.633527,-122.402853
400474,37.256295,-121.794639
400478,38.01489,-122.269381
400479,37.362439,-121.903211
400480,37.824968,-122.270895
400484,37.616934,-122.398733
400485,37.254231,-121.949216
400486,37.683114,-122.127218
400488,37.608066,-122.067407
400489,37.824791,-122.270978
400490,37.531271,-122.004734
400492,37.780572,-122.173006
400494,37.895807,-122.108492
400495,37.74083,-122.196448
400496,37.560476,-122.041091
400497,37.672002,-122.390835
400498,37.764896,-122.217766
400499,37.331068,-122.014931
400501,38.037848,-122.248287
400503,37.645076,-122.406148
400504,37.531803,-122.330055
400505,37.935249,-122.06006
400507,37.298931,-122.029806
400508,37.34766,-121.919969
400513,38.079501,-122.545844
400514,37.334602,-121.936288
400515,37.683298,-122.126995
400516,38.010005,-122.022018
400519,37.255257,-121.85256
400521,37.988028,-122.04042
400525,38.043798,-122.535322
400527,37.586468,-122.331956
400528,37.388893,-122.068829
400529,37.677613,-122.118725
400531,37.550384,-122.293465
400532,37.890463,-122.137515
400534,37.581087,-122.048943
400535,37.349742,-121.839177
400536,37.600243,-122.061912
400538,37.985094,-122.315756
400539,37.572566,-122.045996
400540,37.651586,-122.406767
400545,37.40013,-122.033628
400546,37.718485,-121.936023
400547,37.942551,-122.515478
400549,37.78073,-122.172868
400550,37.894371,-122.119889
400551,38.182062,-122.13374
400552,37.731804,-122.421878
400553,37.75547,-121.96262
400554,37.822058,-121.993283
400556,37.317592,-121.889632
400560,37.324839,-122.002891
400563,37.325188,-121.892923
400565,37.577648,-122.04799
400566,37.496379,-121.924336
400567,37.418931,-121.962821
400568,37.608375,-122.389578
400570,37.776614,-122.236242
400571,37.414204,-121.981514
400573,37.770861,-122.397356
400574,37.711717,-122.168258
400575,37.731873,-122.417757
400576,37.529088,-122.001101
400577,37.249661,-121.835108
400578,37.469698,-122.156754
400579,37.890953,-122.148661
400580,37.89816,-122.087509
400581,37.380572,-122.072863
400582,37.275212,-122.004898
400586,37.376835,-121.942537
400591,37.304727,-121.818118
400593,37.618189,-122.398826
400596,37.988065,-122.04064
400598,38.04987,-122.531433
400600,37.891528,-122.149959
400601,37.817578,-122.296578
400602,37.484231,-121.914324
400604,37.89803,-122.09204
400606,37.822295,-122.25977
400607,37.77487,-122.232742
400608,37.741927,-122.197422
400609,37.796547,-122.270242
400611,37.619533,-122.075651
400612,37.871861,-122.305215
400615,38.010378,-122.016544
400616,37.891578,-122.142555
400617,37.878808,-122.185235
400619,37.891509,-122.132425
400620,38.065599,-122.536996
400621,37.58677,-122.337944
400622,38.084865,-122.232917
400625,37.701329,-121.871949
400628,37.903475,-122.312712
400630,38.043717,-122.535012
400634,37.633433,-122.085877
400636,37.862541,-122.034194
400637,37.255322,-121.855765
400639,37.927097,-122.37423
400641,37.703028,-122.393657
400642,37.821318,-122.268956
400643,37.390763,-121.994912
400645,37.550117,-122.292942
400646,37.689634,-122.119252
400648,37.303016,-122.034801
400649,37.251741,-121.958118
400654,37.297581,-121.873949
400655,37.829582,-122.266637
400656,38.037559,-122.536356
400657,37.61287,-122.39602
400659,37.822953,-122.292056
400660,37.99801,-122.285108
400661,37.540675,-122.284186
400662,37.522375,-121.987291
400664,37.303573,-121.877981
400665,37.341821,-121.848758
400666,37.67425,-122.114421
400668,37.35512,-121.866967
400669,37.774755,-122.232821
400670,37.664733,-122.106795
400673,37.329972,-122.013423
400674,37.565692,-122.040628
400675,37.921473,-122.336918
400676,37.731577,-122.43422
400677,37.32001,-122.048757
400678,37.764978,-122.217592
400679,37.853676,-122.300011
400681,37.629653,-122.083176
400682,37.779555,-122.237925
400683,37.56726,-122.269207
400685,37.654859,-122.100333
400686,37.563681,-122.038765
400687,37.408459,-122.002706
400688,37.259412,-121.966974
400690,37.255184,-121.876817
400691,37.849518,-122.299187
400692,37.786914,-122.196329
400695,37.469056,-121.907897
400696,37.751639,-121.960097
400698,37.500427,-121.958791
400700,37.251345,-121.934089
400703,37.650243,-122.452302
400707,38.016258,-122.268312
400709,37.341275,-121.927699
400712,37.83533,-122.009544
400713,37.251585,-121.934046
400714,37.316788,-121.953512
400715,37.256205,-121.955355
400716,37.54901,-122.02445
400717,37.250424,-121.912467
400720,37.575964,-122.319373
400723,37.334296,-121.936706
400726,37.341729,-122.091188
400727,38.057889,-122.531097
400728,37.866567,-122.303586
400729,37.241625,-121.7675
400730,37.575865,-122.319539
400731,37.52126,-122.103026
400733,37.462878,-122.145152
400734,37.926527,-122.365224
400736,37.872735,-122.18927
400738,37.927273,-122.37421
400739,37.507992,-121.968393
400740,37.738012,-122.19424
400741,37.805372,-121.990474
400742,37.25555,-121.793969
400743,37.398989,-122.028373
400744,37.689976,-122.390983
400746,37.721564,-122.448231
400747,37.891089,-122.172893
400748,37.89729,-122.081421
400749,37.872684,-122.043391
400750,37.250746,-121.907763
400753,37.573775,-122.316986
400754,37.25151,-121.838854
400755,37.909536,-122.316706
400756,38.024575,-122.110237
400758,37.560347,-122.040871
400759,37.54197,-122.065011
400760,37.374628,-121.931055
400761,37.529397,-122.001271
400763,37.63503,-122.403511
400764,38.022884,-121.966257
400765,37.811809,-122.303409
400766,37.645048,-122.406433
400767,37.818938,-121.993435
400768,38.074507,-122.541273
400769,37.516429,-122.106743
400770,37.955597,-122.329563
400772,37.250448,-121.928226
400774,37.881626,-122.050749
400778,37.522762,-121.98845
400781,37.672034,-122.391057
400782,38.04924,-122.531986
400783,37.480254,-122.174886
400784,37.618053,-122.399121
400785,37.870941,-122.041772
400787,37.587138,-122.352354
400788,37.691415,-122.138842
400790,37.391922,-121.998077
400791,37.46053,-121.901055
400792,37.255491,-121.955543
400793,37.737894,-122.194137
400794,37.390422,-121.993716
400797,37.588739,-122.358721
400798,37.590538,-122.36213
400799,37.327927,-121.876137
400800,37.892206,-122.154409
400801,37.897107,-122.070775
400804,37.336089,-121.848437
400805,38.204585,-122.137889
400807,37.341455,-122.091236
400809,37.542255,-122.065019
400810,37.544559,-122.021402
400814,37.918374,-122.063152
400815,37.825941,-122.275114
400816,37.701684,-121.885255
400817,37.587146,-122.34519
400818,37.718377,-121.936271
400819,37.918568,-122.317539
400822,37.255715,-121.955375
400823,37.334457,-122.035326
400828,37.298804,-122.030071
400829,38.075421,-122.231255
400832,37.254601,-121.956775
400835,37.794062,-122.264744
400837,37.303418,-121.878248
400838,37.988496,-122.312983
400839,37.580027,-122.048801
400841,37.52558,-122.09862
400842,37.26205,-121.859133
400844,37.822794,-122.291843
400849,37.297388,-121.874289
400852,37.835136,-122.009773
400853,37.5997,-122.061725
400858,37.281279,-121.807832
400859,37.463019,-122.145022
400860,37.594437,-122.367666
400861,37.549901,-122.312556
400863,37.371809,-121.91655
400865,37.99336,-122.301718
400867,37.919482,-122.331673
400868,37.7536,-122.402898
400869,37.403673,-122.069953
400870,37.460573,-121.900687
400873,37.420927,-121.93674
400878,37.895657,-122.111891
400880,37.751697,-121.959796
400883,37.921536,-122.061952
400884,37.550027,-122.293152
400886,37.63711,-122.404362
400891,37.29855,-121.812553
400892,37.701571,-121.907167
400894,37.242723,-121.804466
400895,37.380958,-121.960741
400898,37.661989,-122.104729
400902,37.993386,-122.301536
400904,37.395067,-122.010518
400905,37.549976,-122.312643
400907,37.257815,-121.96237
400910,37.290532,-121.80987
400911,37.372674,-121.922087
400916,37.32045,-121.890147
400922,37.363644,-121.899535
400923,37.824153,-122.291162
400928,37.62282,-122.077983
400929,37.992208,-122.307463
400933,37.864341,-122.036569
400934,37.254002,-121.949365
400935,37.584184,-122.328291
400939,37.670921,-122.110371
400941,37.492551,-121.948549
400942,37.709334,-122.165111
400946,37.89776,-122.086814
400948,37.79841,-122.216924
400949,37.756731,-122.210399
400950,37.809255,-122.244378
400951,37.325584,-121.940683
400952,37.279234,-122.01035
400953,37.327241,-121.88076
400955,37.732945,-122.189517
400956,37.750611,-122.205291
400958,37.78416,-121.979058
400961,38.08841,-122.109902
400962,38.06368,-122.534971
400963,37.241254,-121.798377
400964,37.376685,-121.94075
400965,37.363311,-121.893592
400966,37.534548,-122.076742
400970,37.409755,-121.995933
400971,37.368669,-121.901336
400972,37.812878,-121.993112
400973,37.417801,-121.972288
400975,37.612975,-122.395781
400976,37.984379,-122.315577
400977,37.620575,-122.399975
400978,37.282486,-121.808807
400980,37.797439,-122.271974
400981,37.469164,-122.155429
400983,37.786336,-122.245364
400986,37.701309,-121.86757
400988,37.784242,-121.978779
400989,37.867462,-122.200125
400990,37.680566,-122.123107
400991,37.615306,-122.39797
400993,38.015805,-121.993125
400995,37.3134,-121.88638
400996,37.350928,-121.862378
401000,37.586941,-122.345424
401002,37.897666,-122.09174
401003,37.659267,-122.103058
401006,37.701529,-121.904795
401011,37.563362,-122.038123
401012,37.53178,-122.3299
401014,37.420505,-121.9392
401015,37.783815,-122.178637
401016,37.645184,-122.448868
401017,37.805197,-122.234712
401018,37.732647,-122.414119
401038,37.589412,-122.05441
401041,37.92469,-122.320506
401045,37.924801,-122.320238
401052,37.898689,-122.309697
401053,37.553585,-122.29307
401056,37.90416,-122.069955
401058,38.010911,-122.273035
401062,37.58562,-122.051459
401065,37.553869,-122.293168
401066,37.878125,-122.307431
401068,37.703701,-122.156989
401070,38.00509,-122.278453
401072,37.68658,-122.132116
401073,37.585543,-122.051649
401079,37.878155,-122.307214
401081,38.01101,-122.273159
401083,38.013465,-122.270906
401084,38.005231,-122.278633
401090,38.013374,-122.270787
401095,37.900981,-122.070169
401097,37.833445,-122.007025
401098,37.7974,-121.985917
401100,37.999017,-122.075485
401102,37.748063,-121.957578
401103,37.788269,-121.98132
401104,37.833635,-122.006807
401107,37.788356,-121.981035
401110,37.901017,-122.070583
401111,37.906118,-122.0695
401112,37.831978,-122.004266
401113,37.999384,-122.075602
401114,37.797293,-121.986149
401124,37.828677,-121.999652
401126,37.748018,-121.957858
401129,37.266772,-121.859
401134,38.050657,-122.142601
401137,37.806967,-122.278034
401141,37.802658,-122.286768
401142,37.802856,-122.286698
401143,37.826938,-122.291049
401144,37.80687,-122.277794
401148,38.050828,-122.142488
401151,38.251746,-122.067825
401152,38.257804,-122.063012
401154,37.266765,-121.859416
401155,38.258526,-122.062402
401156,37.826968,-122.292265
401162,37.773831,-122.406377
401163,37.316756,-121.923186
401165,37.773775,-122.406729
401167,37.316984,-121.923208
401190,37.800128,-122.278344
401194,37.775434,-122.424059
401195,37.912502,-122.317364
401197,37.969432,-122.320772
401198,37.858492,-122.30137
401199,37.580252,-122.323992
401208,37.890467,-122.308444
401209,37.975586,-122.318568
401210,37.291198,-122.023391
401211,37.84108,-122.29728
401213,37.638945,-122.441186
401215,37.975598,-122.318706
401216,38.214705,-122.140926
401218,37.891533,-122.308848
401219,38.201274,-122.158165
401221,37.943467,-122.323784
401223,37.507295,-122.338218
401224,37.291054,-122.023638
401226,38.013931,-122.270475
401228,37.952355,-122.327741
401229,37.91248,-122.317515
401230,37.996849,-122.286694
401231,37.762943,-122.405434
401233,37.580145,-122.324183
401234,37.89438,-122.307952
401238,38.013844,-122.270359
401239,37.889597,-122.308245
401240,37.613899,-122.071851
401241,37.76935,-122.411093
401242,37.858593,-122.301665
401243,37.969552,-122.320607
401253,37.943406,-122.323941
401255,37.767059,-122.405129
401256,37.952266,-122.327891
401260,37.979209,-122.317341
401267,37.977141,-122.318156
401269,37.996735,-122.286591
401273,37.799468,-122.277962
401274,38.024988,-122.260189
401277,37.74302,-122.406392
401279,37.767324,-121.970009
401280,37.940763,-122.060176
401282,37.969613,-122.04788
401283,37.927899,-122.060572
401285,37.744018,-122.405853
401288,37.767242,-121.970295
401289,37.969653,-122.048119
401291,37.327026,-121.880581
401298,37.554703,-122.289899
401301,37.55816,-122.043189
401304,37.558016,-122.042978
401305,37.561736,-122.276623
401312,37.322456,-121.898177
401314,37.823179,-121.993641
401317,37.315366,-121.91451
401318,38.201959,-122.156983
401327,37.315095,-121.914498
401328,37.823087,-121.993916
401333,37.801768,-122.283102
401336,37.604259,-122.382765
401339,37.801684,-122.28315
401343,37.562381,-122.27516
401344,37.889026,-122.057976
401347,37.761225,-121.966381
401351,37.401701,-122.032879
401356,37.729126,-121.944735
401357,37.723512,-122.401258
401358,37.72349,-122.40102
401359,37.72924,-121.944471
401362,37.53065,-122.003967
401366,37.86906,-122.040707
401371,37.768938,-122.405503
401373,37.869194,-122.040484
401376,37.799723,-122.278336
401378,37.768835,-122.405123
401381,37.835333,-122.265611
401385,37.690755,-122.130603
401388,37.316628,-121.952438
401390,37.827408,-122.267734
401391,37.337881,-121.85467
401392,37.690807,-122.131038
401393,37.978869,-122.043278
401394,37.55931,-122.280483
401395,38.045274,-122.238047
401399,37.979212,-122.043366
401400,37.316841,-121.952427
401401,37.979004,-122.043205
401402,37.559157,-122.280334
401403,37.338232,-121.854583
401405,37.769586,-122.416414
401407,37.92145,-122.061659
401408,37.75869,-122.405643
401409,37.756863,-122.403503
401410,37.75671,-122.403619
401411,37.609584,-122.391015
401412,37.70086,-121.818662
401413,37.811864,-122.273928
401416,37.812036,-122.274125
401420,37.800464,-121.988317
401421,38.144989,-122.109978
401422,37.800607,-121.988066
401423,37.893061,-122.12582
401424,38.145037,-122.10972
401426,37.54706,-122.322765
401431,37.547175,-122.322876
401433,37.70139,-121.885271
401434,37.725125,-121.941304
401437,37.857175,-122.03085
401439,37.543495,-122.287061
401440,37.356826,-121.908804
401441,37.777418,-121.975236
401443,37.529353,-122.273421
401444,37.857348,-122.030612
401445,37.8734,-122.507767
401446,37.543613,-122.287169
401447,37.811386,-122.249717
401448,37.664493,-122.39791
401450,37.61754,-122.074491
401451,37.664501,-122.398123
401452,37.811293,-122.249829
401453,37.522913,-122.332258
401454,37.717182,-122.399154
401457,37.279615,-121.864989
401461,37.758541,-121.964623
401462,37.693677,-122.391827
401464,37.424833,-121.916049
401467,37.474668,-122.165291
401468,37.774566,-121.97379
401469,37.693641,-122.391505
401470,37.731979,-122.427875
401471,37.827889,-122.29178
401472,37.700468,-122.393067
401474,37.47483,-122.165147
401475,37.654774,-122.100556
401476,38.013633,-121.998755
401478,37.822927,-122.261851
401480,37.99346,-122.301971
401481,37.822748,-122.262051
401482,37.897809,-122.082484
401483,37.816343,-122.251589
401484,37.864184,-122.03679
401485,38.01906,-121.949306
401486,37.731414,-122.424609
401487,37.76142,-121.966187
401488,38.204576,-122.138126
401489,37.427486,-121.916962
401495,37.255346,-121.85898
401496,37.995914,-122.071304
401501,37.700511,-122.393392
401503,37.825278,-122.30642
401504,37.535252,-122.074943
401507,37.412677,-122.079539
401509,37.904465,-122.313054
401512,37.677327,-122.471312
401513,37.838814,-122.296557
401515,37.613439,-122.396584
401516,37.760031,-122.406233
401517,37.703862,-122.156797
401519,37.884629,-122.054337
401522,37.925315,-122.060865
401523,37.651581,-122.406957
401524,37.877407,-122.307241
401526,38.019453,-121.949263
401529,37.589488,-122.054221
401531,37.701058,-121.812858
401534,37.407511,-122.065278
401535,37.825306,-122.306251
401537,37.988174,-122.04039
401538,37.430587,-121.917925
401539,37.826038,-122.302202
401541,37.370203,-121.901514
401542,37.90607,-122.069211
401545,37.559198,-122.03362
401546,37.821995,-122.324536
401547,37.507109,-122.338144
401548,37.816339,-122.251805
401551,37.972158,-122.319728
401555,37.255657,-121.858984
401557,37.559063,-122.033816
401558,37.91859,-122.317348
401559,37.87745,-122.307025
401560,37.357526,-121.907884
401561,37.614012,-122.071623
401562,37.827984,-122.293358
401564,37.700802,-121.812823
401566,37.884715,-122.054134
401567,37.279721,-121.864592
401568,38.013214,-121.998513
401571,37.972099,-122.319898
401575,37.909564,-122.31655
401578,37.135468,-121.635731
401579,37.140073,-121.640223
401580,37.710606,-121.929761
401581,37.132846,-121.634117
401582,37.704648,-121.924471
401583,37.484383,-121.913951
401586,37.140251,-121.639919
401587,37.707092,-121.926468
401588,37.722175,-121.939359
401589,37.070699,-121.589726
401590,37.706968,-121.926699
401592,37.070786,-121.589373
401593,37.721546,-121.938506
401594,37.710724,-121.929526
401595,38.364505,-122.712662
401596,37.690439,-121.918681
401597,37.2846,-121.867327
401598,38.385828,-122.716069
401599,38.413712,-122.7162
401600,37.701707,-121.887618
401601,38.368371,-122.712467
401602,38.421215,-122.715338
401603,38.413693,-122.715906
401604,38.385827,-122.716316
401605,38.364327,-122.712405
401606,37.284463,-121.867693
401608,37.697834,-121.921348
401609,38.420521,-122.715784
401610,37.810554,-122.275579
401611,37.317672,-121.940319
401612,38.004797,-122.038847
401613,37.592711,-122.056527
401614,37.592635,-122.056711
401615,37.810407,-122.275345
401616,38.069425,-122.538644
401617,38.004566,-122.0387
401620,37.602493,-122.380088
401621,37.713988,-122.171625
401624,37.947043,-122.513505
401629,37.714115,-122.171416
401631,37.60296,-122.381221
401634,37.602406,-122.380374
401636,38.064357,-122.226272
401637,37.4562,-121.923217
401638,38.067752,-122.226796
401639,37.508725,-121.968989
401642,37.451227,-121.922218
401643,37.456422,-121.923067
401645,37.962454,-122.328958
401646,38.057707,-122.225608
401649,37.485259,-122.188331
401651,37.5085,-122.250123
401652,37.508634,-122.249967
401653,37.483811,-122.181671
401655,37.335596,-121.858919
401657,37.825581,-122.302794
401658,37.220762,-121.734732
401660,37.152115,-121.651553
401661,37.200086,-121.707386
401662,37.191084,-121.693431
401663,37.153831,-121.65322
401665,36.948171,-121.5126
401666,36.950307,-121.521775
401668,37.153592,-121.653453
401669,37.220499,-121.734981
401670,37.200408,-121.707061
401671,37.828559,-122.294113
401673,38.044315,-122.239419
401674,36.948171,-121.5126
401677,36.9526,-121.527113
401678,36.952601,-121.527114
401679,36.950307,-121.521774
401680,36.962635,-121.54368
401681,37.890212,-122.17369
401682,36.954824,-121.52944
401683,37.892591,-122.156901
401684,37.897341,-122.099019
401685,36.962635,-121.54368
401686,37.688902,-122.106837
401687,37.868707,-122.194653
401688,36.954824,-121.52944
401689,37.888027,-122.177148
401691,37.003288,-121.556692
401692,37.897512,-122.10034
401693,38.137248,-122.256532
401694,38.137738,-122.255984
401695,37.701324,-121.920446
401696,38.137205,-122.256577
401697,37.702126,-121.923042
401698,37.836566,-122.296138
401699,38.141954,-122.246347
401700,38.137782,-122.255936
401701,38.14186,-122.246347
401702,38.123781,-122.271749
401703,38.123853,-122.271793
401704,38.121697,-122.277273
401705,37.702047,-121.923296
401706,38.121597,-122.27723
401708,37.801951,-122.295247
401710,37.779393,-122.238114
401712,37.799848,-122.278241
401714,37.800363,-122.279928
401716,37.607967,-122.067645
401718,37.993685,-122.068952
401720,38.002158,-122.079046
401722,37.714484,-121.93303
401724,37.84954,-122.028342
401728,38.348778,-122.71317
401734,37.946698,-122.057698
401742,37.962762,-122.054051
401744,37.849361,-122.02862
401746,37.892433,-122.167031
401748,37.967071,-122.057013
401750,38.02056,-122.100355
401756,37.995203,-122.06835
401758,38.350146,-122.712965
401762,37.942268,-122.059359
401766,38.346899,-122.713127
401768,38.020656,-122.100126
401770,37.946637,-122.057441
401774,37.962792,-122.054325
401778,37.94336,-122.058881
401780,38.002221,-122.078842
401781,38.218378,-122.135157
401782,38.220082,-122.133174
401784,38.223534,-122.127613
401785,38.223664,-122.127834
401786,38.227238,-122.121552
401787,38.227089,-122.121342
401788,38.230959,-122.113197
401789,38.23082,-122.113024
401790,38.234207,-122.105771
401791,38.233999,-122.105578
401793,38.045336,-122.23769
401794,37.874521,-122.044856
401795,37.717176,-122.398947
401796,38.321776,-122.309316
401797,38.321719,-122.309541
401798,38.317605,-122.307867
401799,38.317645,-122.307697
401800,37.525232,-122.098805
401808,37.334883,-121.860066
401809,37.334524,-121.860098
401810,37.32592,-121.883989
401811,37.325651,-121.883953
401816,37.371198,-121.927225
401817,37.371142,-121.926848
401818,37.89187,-122.063101
401819,37.77007,-122.419351
401820,37.769613,-122.416876
401825,38.019963,-121.901902
401826,38.019799,-121.901948
401827,38.019112,-121.897287
401828,38.018998,-121.897325
401829,38.016527,-121.887008
401830,38.017313,-121.889768
401831,37.521724,-122.265071
401832,37.516368,-122.258712
401833,37.496427,-122.233186
401834,37.496277,-122.232673
401835,37.491388,-122.218882
401837,37.490595,-122.217518
401840,37.881522,-122.050938
401841,37.689198,-122.10708
401845,37.332668,-122.060628
401846,37.332482,-122.060617
401851,37.701673,-121.883255
401852,37.701391,-121.883264
401853,37.70123,-122.037919
401854,37.70096,-122.03778
401855,37.721256,-122.134811
401856,37.721144,-122.135
401857,37.763173,-122.149746
401858,37.763133,-122.149977
401859,37.523007,-122.266271
401860,37.496134,-122.232743
401861,37.496279,-122.233258
401868,37.513987,-122.256314
401869,37.518081,-122.260663
401870,37.517958,-122.26082
401871,37.707384,-122.161886
401872,37.484232,-122.183031
401873,37.484087,-122.183239
401874,37.487321,-122.203433
401875,37.487195,-122.203699
401876,37.491361,-122.219254
401877,38.335912,-122.017281
401878,38.335762,-122.017033
401879,38.260103,-122.060758
401880,37.24082,-121.778693
401881,37.241836,-121.769232
401882,37.513359,-122.255314
401883,37.51324,-122.255458
401888,37.541569,-122.018846
401889,37.883321,-122.052842
401890,37.343447,-121.855539
401891,37.343293,-121.855795
401892,37.824658,-122.307909
401894,37.958627,-122.330749
401895,37.958848,-122.330579
401896,37.817758,-122.269915
401898,37.824927,-122.270729
401899,37.824753,-122.270809
401900,37.88833,-122.30909
401901,37.888496,-122.308712
401906,37.335259,-121.848031
401908,37.335284,-121.847662
401910,37.526135,-122.269775
401911,37.818437,-122.27017
401913,37.482866,-122.179725
401914,37.545233,-122.288409
401917,37.736505,-121.949957
401918,37.736377,-121.950232
401923,38.364998,-121.963981
401924,37.852987,-122.028797
401925,37.852806,-122.029091
401926,37.411999,-122.078452
401927,37.483017,-122.179523
401928,37.504928,-122.246148
401929,37.505073,-122.245983
401934,37.73437,-122.406177
401935,37.734313,-122.406375
401936,37.407282,-122.06515
401937,37.411338,-122.076826
401942,37.322594,-121.897858
401943,37.322361,-121.8978
401948,37.409514,-122.071728
401949,37.414582,-122.083368
401950,37.777214,-121.975415
401951,37.995087,-122.068695
401952,37.994924,-122.068545
401953,38.011725,-121.867002
401954,38.011832,-121.866961
401955,37.771977,-121.972497
401956,37.771896,-121.972761
401957,37.270409,-121.860854
401958,37.270378,-121.861311
401994,37.385523,-121.975872
401995,37.386009,-121.977583
401996,37.396411,-122.015716
401997,37.398597,-122.025693
401998,37.404178,-122.05107
401999,37.831798,-122.004468
402000,37.419828,-122.091045
402001,38.17016,-122.199253
402002,38.169958,-122.198969
402003,38.253226,-122.066886
402004,38.253081,-122.066699
402005,38.2353,-122.619054
402007,37.701121,-121.819063
402008,36.95979,-121.551037
402010,36.999566,-121.556242
402011,36.9996,-121.555853
402012,37.698503,-121.937095
402014,37.002645,-121.556129
402015,37.698211,-121.934682
402016,37.70183,-121.90489
402017,37.701638,-121.912277
402018,37.701839,-121.907813
402019,37.701573,-121.871745
402020,37.701578,-121.872112
402025,37.702942,-121.755507
402026,37.702703,-121.755526
402027,37.700891,-121.774267
402028,37.702801,-121.739963
402029,37.708574,-121.725238
402030,37.702966,-121.738126
402031,37.709831,-121.72158
402032,37.716692,-121.705048
402033,37.717123,-121.704989
402038,38.098652,-122.520221
402039,38.098527,-122.520036
402040,38.105801,-122.511444
402041,38.105662,-122.511247
402042,38.121611,-122.497174
402043,38.121444,-122.497006
402044,38.15484,-122.422075
402045,38.154841,-122.422072
402046,38.117602,-122.289241
402047,38.117426,-122.289217
402048,38.141456,-122.232308
402049,38.141243,-122.232302
402050,38.140802,-122.221723
402051,38.140566,-122.222246
402052,38.140604,-122.219238
402053,38.14053,-122.218983
402054,38.144611,-122.217158
402055,38.144542,-122.216916
402056,37.329043,-121.895498
402057,37.336501,-121.897652
402058,37.337199,-121.897882
402059,37.337511,-121.897833
402060,37.356655,-122.062397
402061,37.356616,-122.06262
402062,37.89875,-122.309494
402067,37.322223,-121.89812
402068,38.008296,-121.853335
402069,38.008132,-121.853402
402070,37.999058,-121.755281
402071,37.999049,-121.755035
402072,37.893687,-122.066922
402077,38.137239,-122.221394
402079,38.136531,-122.221583
402085,37.993801,-121.756845
402086,37.992664,-121.756684
402087,38.005137,-121.746302
402088,38.005137,-121.746299
402089,38.005144,-121.737232
402090,38.005145,-121.737413
402091,38.004512,-121.73336
402092,38.004476,-121.733312
402093,37.998638,-121.731216
402094,37.998546,-121.731333
402095,37.99786,-121.723079
402096,37.997794,-121.723069
402098,37.997802,-121.716437
402103,37.724771,-121.941372
402104,37.793991,-122.20519
402105,37.793819,-122.2053
402106,37.00187,-121.55635
402117,37.344521,-121.902184
402118,37.344602,-121.902047
402119,37.421182,-121.915036
402120,37.399227,-121.908515
402121,37.380274,-121.904061
402122,37.467957,-122.153833
402124,38.430806,-122.71547
402125,38.432104,-122.715593
402126,38.431917,-122.715812
402127,38.436946,-122.718
402128,38.437017,-122.717757
402129,38.44047,-122.72011
402130,38.440397,-122.72033
402131,38.445357,-122.723779
402132,38.445432,-122.723575
402133,38.446969,-122.724625
402134,38.446913,-122.724791
402135,38.45231,-122.725972
402136,38.452267,-122.726193
402137,38.459424,-122.726283
402138,38.459434,-122.7261
402139,37.961812,-122.510124
402140,37.961589,-122.509784
402141,37.962862,-122.510604
402142,37.967035,-122.517695
402151,38.043203,-122.125044
402152,38.043203,-122.125044
402153,38.045038,-122.126523
402154,38.045038,-122.126523
402155,38.046875,-122.127996
402156,38.046875,-122.127996
402157,38.048732,-122.129458
402158,38.048732,-122.129458
402165,36.995598,-121.71754
402166,36.995619,-121.717504
402174,38.089554,-122.23111
402175,38.092543,-122.230332
402176,38.100129,-122.22987
402177,38.101524,-122.229661
402178,38.124741,-122.229096
402179,38.147197,-122.216839
402199,37.848634,-122.226259
402200,37.849093,-122.231287
402201,37.846642,-122.247226
402202,37.843252,-122.254814
402203,38.019903,-121.906142
402204,38.011952,-122.008938
402205,38.011363,-122.010103
402206,38.002541,-122.047298
402207,38.002101,-122.047878
402208,37.99195,-122.078492
402209,37.990401,-122.140594
402210,37.990229,-122.14066
402211,37.996193,-122.144936
402212,37.996058,-122.145123
402213,38.001667,-122.15007
402214,38.001501,-122.150243
402215,38.013563,-122.257611
402216,38.013495,-122.257598
402217,37.717219,-121.704646
402218,37.708641,-121.725076
402219,37.701445,-121.858426
402220,37.701205,-121.858445
402221,37.698534,-121.945474
402222,37.69819,-121.946552
402223,37.702224,-122.032695
402224,37.701845,-122.033225
402225,37.697587,-122.043025
402226,37.698004,-122.042005
402227,37.692408,-122.064219
402228,37.690953,-122.074169
402234,38.163669,-122.208464
402235,38.16352,-122.208162
402236,38.078015,-122.232776
402237,38.077731,-122.232459
402238,38.150809,-122.216813
402239,38.150739,-122.216538
402240,38.402318,-121.915787
402241,38.402199,-121.915666
402242,38.410093,-121.905606
402243,38.409972,-121.905441
402244,38.416347,-121.897404
402245,38.416238,-121.897211
402246,38.42011,-121.892123
402247,38.430261,-121.879137
402248,38.430209,-121.878856
402249,38.44034,-121.865893
402250,38.440289,-121.865617
402251,38.444361,-121.860391
402252,38.446157,-121.858439
402253,38.450532,-121.852801
402254,38.455628,-121.846255
402255,38.455556,-121.846011
402256,38.460724,-121.83971
402257,38.460952,-121.839086
402258,38.465814,-121.833155
402259,38.465727,-121.83293
402260,38.473363,-121.823474
402261,38.47285,-121.823777
402262,38.481149,-121.813543
402263,38.481036,-121.813375
402264,38.487178,-121.805573
402265,38.489167,-121.803384
402266,38.491377,-121.800506
402267,38.49707,-121.79472
402268,38.49691,-121.79457
402269,38.507719,-121.78334
402270,38.506841,-121.783839
402271,38.513711,-121.776971
402272,38.512372,-121.777898
402278,37.320951,-121.94032
402279,37.374387,-121.902468
402280,37.3744,-121.902692
402281,37.38449,-121.904845
402282,37.384485,-121.905044
402283,37.391595,-121.906506
402284,37.391557,-121.90671
402285,37.398698,-121.908172
402286,37.405824,-121.909842
402287,37.405777,-121.910072
402288,37.419153,-121.914103
402289,37.419106,-121.914308
402290,37.436753,-121.919191
402291,37.438079,-121.919899
402292,37.445371,-121.920853
402293,37.44531,-121.921119
402294,36.92555,-121.547028
402295,36.925548,-121.547247
402296,36.938711,-121.552481
402297,36.938772,-121.552731
402298,36.952216,-121.552213
402299,36.952235,-121.552455
402300,36.965869,-121.552149
402301,36.96584,-121.552382
402302,36.980439,-121.55735
402303,36.980409,-121.557644
402304,36.984938,-121.558525
402305,36.984627,-121.558929
402306,37.002217,-121.556027
402307,37.022044,-121.566252
402308,37.017957,-121.564407
402309,37.026026,-121.568405
402310,37.031333,-121.571274
402311,37.031251,-121.571629
402312,37.037964,-121.574872
402313,37.037903,-121.575231
402314,37.044741,-121.578022
402315,37.057088,-121.583363
402316,37.057025,-121.583713
402317,37.061205,-121.585143
402318,37.063864,-121.586715
402319,37.077468,-121.592927
402320,37.076027,-121.592589
402321,37.081974,-121.595454
402322,37.081336,-121.595505
402323,37.08676,-121.598091
402324,37.090627,-121.600613
402325,37.091412,-121.600652
402326,37.102447,-121.609149
402327,37.103108,-121.60944
402328,37.112261,-121.621044
402329,37.112135,-121.621406
402330,37.117801,-121.625248
402331,37.117426,-121.625465
402332,37.121068,-121.627184
402333,37.124754,-121.629749
402334,37.127605,-121.631029
402335,37.130103,-121.632906
402336,37.136578,-121.636972
402337,37.163058,-121.663633
402338,37.163384,-121.664417
402339,37.168787,-121.668555
402340,37.171546,-121.671905
402341,37.180554,-121.681139
402342,37.1802,-121.681522
402343,37.196849,-121.701575
402344,37.195584,-121.700525
402345,37.215727,-121.728741
402346,37.215461,-121.729
402347,37.239343,-121.764097
402348,37.239708,-121.765563
402349,37.246208,-121.776913
402350,37.248955,-121.781141
402351,37.248679,-121.78139
402352,37.266834,-121.802011
402353,37.2712,-121.803139
402354,37.29475,-121.809967
402355,37.299781,-121.813351
402356,37.307829,-121.821116
402357,37.308845,-121.822499
402358,37.314719,-121.827787
402359,37.329728,-121.842102
402360,37.329591,-121.842361
402361,37.336549,-121.848881
402362,37.358996,-121.871981
402363,37.3588,-121.872094
402364,37.368104,-121.90788
402365,37.367859,-121.907971
402366,37.388542,-121.986478
402367,37.388372,-121.986538
402368,37.393954,-122.005269
402369,37.393755,-122.005329
402370,37.39592,-122.013438
402371,37.396611,-122.017518
402372,37.40547,-122.055924
402373,37.405335,-122.056343
402374,37.429264,-122.102241
402375,37.42914,-122.102443
402376,37.435945,-122.109246
402377,37.440393,-122.113925
402378,37.440293,-122.114141
402379,37.445961,-122.11976
402380,37.451442,-122.125642
402381,37.451289,-122.125797
402382,37.526779,-122.27078
402383,37.535878,-122.279744
402384,37.535766,-122.279937
402385,37.555708,-122.298103
402386,37.555574,-122.298369
402387,37.561476,-122.303632
402388,37.561364,-122.303829
402389,37.565888,-122.308379
402390,37.662818,-122.400418
402391,37.666938,-122.395366
402392,37.666959,-122.395578
402398,37.469759,-122.156465
402399,37.700224,-121.780045
402400,37.699984,-121.780016
402401,37.70248,-121.764596
402402,37.702234,-121.764593
402403,37.702595,-121.747543
402404,37.70238,-121.747506
402405,37.704313,-121.735236
402406,37.704105,-121.735155
402407,37.713589,-121.713345
402408,37.713351,-121.713265
402409,37.718904,-121.69682
402410,37.718518,-121.696655
402411,38.024489,-122.109674
402412,38.027638,-122.116064
402413,38.045848,-122.127304
402415,37.701397,-121.851884
402416,37.701361,-121.84861
402417,37.701132,-121.849503
402418,37.701102,-121.846401
402419,37.718428,-121.669385
402420,37.718211,-121.669346
402421,37.721487,-121.676275
402422,37.721723,-121.680591
402423,37.72094,-121.686875
402424,37.720431,-121.687475
402425,37.718757,-121.697517
402426,37.712635,-121.715594
402427,37.705551,-121.732333
402428,37.706224,-121.730129
402429,37.702595,-121.741391
402430,37.702324,-121.746413
402431,37.70299,-121.760075
402432,37.702575,-121.76226
402433,37.699656,-121.787125
402434,37.69966,-121.783826
402435,37.700063,-121.791737
402438,37.701248,-121.836572
402439,37.700891,-121.823407
402440,37.70135,-121.847516
402442,37.70137,-121.892753
402443,37.701773,-121.895981
402444,37.701951,-121.915924
402445,37.698731,-121.93366
402446,37.69817,-121.954965
402447,37.697754,-121.963582
402448,37.696995,-121.968736
402449,37.698845,-121.979793
402450,37.699898,-121.988806
402451,37.701593,-121.992068
402452,37.703279,-122.000677
402453,37.703462,-122.008093
402454,37.702987,-122.009775
402455,37.701568,-122.019856
402456,37.70111,-122.022997
402457,37.690589,-122.074877
402464,38.050082,-122.139317
402465,38.044746,-122.126421
402466,38.043278,-122.125243
402469,38.048019,-122.129152
402476,37.891579,-122.13026
402477,37.854157,-122.220619
402478,37.854192,-122.219947
402479,37.849522,-122.241018
402480,37.842559,-122.25791
402481,37.849812,-122.237592
402482,37.991632,-121.757352
402483,37.991919,-121.75915
402484,37.992632,-121.767573
402485,37.992409,-121.767739
402486,37.994607,-121.775335
402487,37.994354,-121.775457
402488,37.996126,-121.784257
402489,37.995876,-121.784305
402490,37.99827,-121.808198
402491,37.998055,-121.805271
402492,37.998039,-121.811512
402493,37.999733,-121.822138
402494,37.999557,-121.822185
402495,38.001874,-121.829981
402496,38.001716,-121.830047
402497,38.003123,-121.835176
402498,38.004518,-121.839595
402501,38.015498,-121.882227
402502,38.014799,-121.879813
402503,38.019957,-121.917096
402504,38.021936,-121.959626
402505,38.011238,-122.172172
402506,37.992452,-122.076398
402507,37.990769,-122.095262
402508,37.990832,-122.098115
402509,37.99456,-122.107242
402510,37.994247,-122.107187
402511,37.996626,-122.113655
402512,37.996372,-122.113531
402513,37.995429,-122.119119
402514,37.993833,-122.122574
402515,38.007082,-122.166552
402516,38.006851,-122.166598
402517,38.015542,-122.178998
402518,38.015367,-122.179045
402521,38.009849,-122.2028
402522,38.00777,-122.220097
402528,38.051007,-122.133434
402532,37.689868,-122.120854
402533,37.689774,-122.12086
402536,37.690236,-122.091948
402537,37.690236,-122.091948
402538,37.690839,-122.08497
402539,37.690526,-122.084955
402540,38.03262,-122.11713
402541,38.03262,-122.11713
402542,38.036572,-122.119721
402543,38.034351,-122.11804
402545,38.032739,-122.117318
402553,37.835658,-122.48462
402554,37.835208,-122.484547
402555,37.841973,-122.485648
402556,37.84191,-122.485884
402557,37.847996,-122.48811
402558,37.847958,-122.488452
402559,37.857163,-122.497555
402560,37.856955,-122.497516
402561,37.860178,-122.501486
402562,37.861516,-122.504435
402563,37.865789,-122.506948
402564,37.865172,-122.507103
402565,37.873995,-122.508234
402566,37.873728,-122.508164
402567,37.878684,-122.514764
402568,37.878558,-122.514921
402569,37.889129,-122.516609
402570,37.886662,-122.516813
402571,37.895638,-122.516134
402572,37.895619,-122.516374
402573,37.902868,-122.515561
402574,37.903269,-122.515767
402575,37.908497,-122.514031
402576,37.908462,-122.514293
402577,37.914035,-122.511883
402578,37.913992,-122.51216
402579,37.92111,-122.511887
402580,37.921052,-122.512103
402581,37.925781,-122.514392
402582,37.92784,-122.51539
402583,37.935199,-122.516528
402584,37.935185,-122.51674
402585,37.94093,-122.515733
402586,37.945072,-122.514753
402587,37.949644,-122.511853
402588,37.949662,-122.512058
402589,38.000724,-122.536873
402590,38.000645,-122.537054
402591,38.0069,-122.541228
402592,38.005504,-122.540645
402593,38.014108,-122.541703
402594,38.014112,-122.541958
402595,38.021089,-122.539073
402596,38.021163,-122.539241
402597,38.02395,-122.538378
402598,38.02401,-122.538569
402599,38.031163,-122.537269
402600,38.031191,-122.537492
402601,38.036845,-122.536348
402602,38.740689,-122.948338
402603,38.740529,-122.94846
402604,38.808343,-123.011669
402605,38.085591,-122.552334
402606,38.088919,-122.555867
402607,38.102099,-122.561494
402608,38.100497,-122.561783
402609,38.107709,-122.563001
402610,38.107604,-122.563306
402611,38.113232,-122.564557
402612,38.114794,-122.564501
402613,38.119365,-122.565187
402614,38.120614,-122.565691
402615,38.126375,-122.565467
402616,38.126004,-122.565924
402617,38.131839,-122.563599
402618,38.131481,-122.563903
402619,38.143211,-122.564319
402620,38.142932,-122.564512
402621,38.150124,-122.566283
402622,38.14989,-122.566475
402623,38.166558,-122.579538
402624,38.1665,-122.579784
402625,38.177141,-122.594681
402626,38.177255,-122.595162
402627,38.193658,-122.599992
402628,38.193927,-122.600125
402629,38.199533,-122.598465
402630,38.19968,-122.598657
402631,38.213416,-122.601858
402632,38.213335,-122.602082
402633,38.217496,-122.603786
402634,38.217406,-122.604043
402635,38.235417,-122.618875
402636,38.2353,-122.619054
402637,38.246664,-122.627153
402638,38.246513,-122.627242
402639,38.253469,-122.640313
402640,38.253484,-122.640773
402641,38.256816,-122.646524
402642,38.256841,-122.646953
402643,38.261099,-122.654145
402644,38.26103,-122.65439
402645,38.26551,-122.661879
402646,38.265391,-122.662002
402647,38.2716,-122.669205
402648,38.272277,-122.670405
402649,38.275665,-122.674491
402650,38.275433,-122.674528
402651,38.281046,-122.681512
402652,38.280662,-122.681356
402653,38.285534,-122.687316
402654,38.28506,-122.687054
402655,38.290757,-122.694521
402657,38.29555,-122.701201
402658,38.295172,-122.701107
402659,38.309092,-122.712581
402660,38.308871,-122.712717
402661,38.314269,-122.715049
402662,38.314143,-122.715249
402663,38.32615,-122.712638
402664,38.326229,-122.712878
402665,38.332736,-122.712666
402666,38.332878,-122.712925
402667,38.342171,-122.712792
402668,38.342274,-122.713028
402669,38.357396,-122.71303
402670,38.357451,-122.713289
402671,38.378431,-122.71612
402672,38.378426,-122.716347
402673,38.392939,-122.71603
402674,38.392943,-122.716306
402675,38.399471,-122.715987
402676,38.399479,-122.71628
402677,38.42899,-122.714934
402678,38.469495,-122.728811
402679,38.476125,-122.731606
402680,38.476095,-122.731811
402681,38.487719,-122.74414
402682,38.487696,-122.74444
402683,38.495094,-122.75456
402684,38.497147,-122.757763
402685,38.500122,-122.761458
402686,38.502605,-122.76456
402687,38.502615,-122.76493
402688,38.507175,-122.770641
402689,38.510579,-122.774896
402690,38.511079,-122.775166
402691,38.517873,-122.782644
402692,38.517841,-122.782914
402693,38.526731,-122.79106
402694,38.53091,-122.794611
402695,38.533773,-122.797251
402696,38.53366,-122.797449
402697,38.536168,-122.799432
402698,38.548783,-122.80957
402699,38.554496,-122.815933
402700,38.554447,-122.81618
402701,38.560924,-122.822047
402702,38.560915,-122.8223
402703,38.565538,-122.826435
402704,38.567384,-122.828195
402705,38.567357,-122.828465
402706,38.577103,-122.836069
402707,38.577055,-122.836329
402708,38.583945,-122.841166
402709,38.58389,-122.841408
402710,38.590526,-122.846097
402711,38.590438,-122.846326
402712,38.595747,-122.854373
402713,38.598044,-122.858814
402714,38.598056,-122.859295
402716,38.602504,-122.866436
402717,38.608079,-122.87372
402718,38.608009,-122.873866
402719,38.621129,-122.878381
402720,38.621185,-122.87856
402721,38.627242,-122.877985
402722,38.627327,-122.878141
402723,38.637098,-122.877151
402724,38.637067,-122.877326
402725,38.647636,-122.872752
402726,38.647595,-122.872942
402727,38.665486,-122.876344
402728,38.665432,-122.876624
402729,38.671863,-122.879711
402730,38.671802,-122.880009
402731,38.67783,-122.880796
402733,38.683619,-122.880925
402734,38.693222,-122.884247
402735,38.693174,-122.884616
402736,38.698208,-122.892367
402737,38.698167,-122.892708
402738,38.702262,-122.898883
402739,38.706169,-122.907576
402740,38.705412,-122.907159
402741,38.710951,-122.917006
402742,38.714797,-122.919956
402743,38.714671,-122.920216
402744,38.724755,-122.933815
402745,38.724602,-122.934036
402746,38.729321,-122.941408
402747,38.729162,-122.941598
402748,38.73499,-122.944745
402749,38.734813,-122.944928
402750,38.492672,-122.751439
402751,38.756315,-122.971836
402752,38.756135,-122.971959
402753,38.708797,-122.91289
402754,38.760993,-122.981554
402755,38.760826,-122.981662
402756,38.76368,-122.988057
402757,38.763503,-122.988176
402758,38.767641,-122.994584
402759,38.767459,-122.994724
402760,38.772941,-122.999263
402761,38.772785,-122.99946
402762,38.807273,-123.012139
402763,38.820241,-123.014671
402764,38.820063,-123.01491
402765,38.791499,-123.011325
402766,38.791512,-123.011643
402767,38.800458,-123.012923
402768,38.800553,-123.013208
402769,38.813041,-123.012302
402770,38.813021,-123.012591
402773,38.831117,-123.014906
402774,38.830813,-123.014883
402775,38.838137,-123.0207
402776,38.837892,-123.020792
402777,38.844486,-123.026976
402778,38.844327,-123.027058
402779,38.849907,-123.0299
402780,38.849837,-123.029949
402788,37.481185,-121.935149
402789,37.481245,-121.935022
402793,37.514165,-121.939622
402794,37.51514,-121.939842
402795,37.531274,-121.941375
402796,37.535678,-121.932554
402797,37.535816,-121.932678
402798,37.539158,-121.926516
402799,37.538974,-121.926342
402800,37.463015,-121.925972
402801,37.462951,-121.926164
402802,37.484332,-121.93758
402803,37.484241,-121.937739
402814,37.793423,-122.382858
402815,37.799144,-122.376772
402816,37.804603,-122.37087
402817,37.807966,-122.367285
402818,37.810297,-122.364789
402827,37.799244,-122.376792
402828,37.467739,-121.928329
402829,37.467664,-121.92854
402834,37.990426,-122.131706
402835,37.990254,-122.131651
402836,37.991228,-122.086842
402837,37.990967,-122.086847
402838,37.997952,-121.79502
402839,37.997719,-121.795036
403103,37.701197,-121.828912
403165,37.490966,-122.217925
403169,37.466356,-121.905769
403219,37.690954,-122.073988
403223,37.690595,-122.071617
403225,37.349517,-121.91728
403226,37.515072,-121.940155
403227,37.701267,-121.864103
403228,37.701495,-121.864059
403229,37.70099,-121.838007
403230,37.701265,-121.838031
403237,37.433758,-121.888275
403240,37.440338,-121.890082
403243,37.44688,-121.891367
403244,37.45007,-121.892007
403245,37.450181,-121.892367
403246,37.471863,-121.909568
403247,37.471888,-121.909969
403248,37.487735,-121.916207
403249,37.487581,-121.91656
403250,37.490163,-121.917914
403251,37.489993,-121.918283
403254,37.494191,-121.921904
403257,37.494319,-121.921641
403258,37.598847,-122.374424
403259,37.598722,-122.37472
403261,37.571801,-122.314844
403262,37.571692,-122.314996
403265,37.349229,-121.917686
403266,37.95535,-122.5003
403267,38.007943,-122.209403
403270,38.602528,-122.866119
403271,38.683676,-122.880666
403276,38.030219,-122.255133
403280,37.827864,-122.267
403303,38.290369,-122.694299
403312,37.991112,-122.529804
403313,37.991151,-122.529622
403314,37.984302,-122.523394
403315,37.984333,-122.523212
403316,37.978421,-122.520802
403317,37.9784,-122.52052
403318,37.453878,-122.28392
403319,37.45368,-122.284145
403320,37.556776,-122.38004
403321,37.556566,-122.380222
403323,37.596885,-122.420006
403324,37.596664,-122.420151
403327,37.659508,-122.46315
403328,37.659478,-122.463677
403329,37.270267,-121.947353
403332,37.555122,-121.916199
403334,37.562129,-121.905602
403337,37.57443,-121.885432
403338,37.575991,-121.881143
403340,37.580861,-121.875145
403343,37.581529,-121.874793
403346,37.640684,-121.885192
403349,37.655931,-121.900843
403352,37.690994,-121.918894
403356,37.801175,-122.426123
403357,37.801088,-122.426121
403358,37.799142,-122.424048
403359,37.799102,-122.424187
403360,37.796212,-122.423429
403361,37.796206,-122.423585
403391,37.700926,-121.802636
403393,37.700919,-121.801358
403396,37.700683,-121.802968
403399,37.700666,-121.801508
403401,37.328484,-121.870843
403402,37.32872,-121.870796
403404,37.327807,-121.874899
403406,37.32592,-121.883314
403409,37.324015,-121.890673
403412,37.32243,-121.89764
403414,37.314844,-121.913648
403419,37.316766,-121.921548
403425,38.42476,-121.886025
403426,38.424813,-121.886281
403430,37.835812,-122.295362
403455,38.296379,-122.033862
403458,38.033738,-122.251843
403459,38.033749,-122.252063
403460,38.042353,-122.242
403461,38.042305,-122.242302
403465,36.986035,-122.024092
403471,37.06113,-122.004466
403475,37.061194,-122.004672
403524,37.703392,-121.508962
403525,37.703668,-121.508801
403744,36.943913,-121.502887
403745,36.943913,-121.502887
403902,37.702855,-122.472093
403904,37.638284,-122.440981
403906,37.644736,-122.448925
403908,37.662373,-122.465652
403910,37.675831,-122.470236
403946,38.023633,-122.261248
403998,37.849265,-122.298899
404060,37.67682,-122.388451
404096,37.677426,-122.388574
404350,38.020626,-121.954582
404356,38.01582,-122.182661
404358,38.020915,-121.954547
404360,38.01909,-121.942807
404365,37.141139,-121.98489
404370,37.296295,-121.939267
404378,37.249976,-121.959331
404387,37.846642,-122.247226
404388,38.098643,-122.229703
404390,38.116649,-122.230024
404391,38.247153,-122.074644
404395,37.777516,-122.402256
404396,37.773512,-122.406483
404397,37.965951,-122.322882
404400,37.822098,-122.323815
404401,38.052365,-122.2278
404407,38.052228,-122.228257
404408,38.098694,-122.22989
404409,38.116679,-122.230224
404410,38.12159,-122.230394
404411,38.124386,-122.229495
404412,38.247374,-122.074824
404413,38.248687,-122.071376
404414,37.96584,-122.323262
404415,37.821864,-122.326633
404416,37.822311,-122.324059
404417,37.773452,-122.406817
404418,37.777547,-122.402781
404428,37.241693,-121.770495
404439,37.241688,-121.772849
404442,37.241444,-121.769405
404448,37.241502,-121.772811
404451,37.272621,-121.862275
404452,37.284842,-121.867529
404453,37.309236,-121.882418
404461,37.309076,-121.882705
404462,37.272598,-121.862687
404519,37.26409,-121.800811
404520,37.689373,-122.390539
404521,37.382586,-121.965617
404522,37.402071,-122.041627
404523,37.406818,-122.062101
404524,37.448865,-122.122783
404528,37.710864,-122.395412
404529,37.459744,-122.139438
404531,37.491812,-122.219838
404532,37.49432,-122.225804
404533,37.46526,-122.148841
404534,37.472754,-122.161627
404539,37.368808,-121.908792
404547,37.245551,-121.775718
404553,37.395734,-122.013489
404554,37.401893,-122.041683
404555,37.406628,-122.062152
404558,37.459587,-122.139581
404559,37.465121,-122.148973
404560,37.472595,-122.161772
404561,37.445696,-122.119856
404563,37.446362,-122.120546
404564,37.448717,-122.123019
404567,37.368577,-121.908867
404569,37.710838,-122.395652
404572,37.486799,-122.200441
404573,37.49171,-122.220042
404574,37.494154,-122.225964
404575,37.689407,-122.390851
404583,37.74122,-121.513181
404585,37.406761,-122.009541
404586,37.406939,-122.009566
404617,37.711252,-122.454834
404618,37.719431,-122.448259
404640,37.333614,-122.049627
404647,37.711347,-122.455028
404648,37.719675,-122.448467
404661,37.701126,-121.848956
404683,37.888648,-122.057271
404684,37.932207,-122.060031
404687,38.005902,-122.082852
404688,38.008122,-122.085298
404689,38.011158,-122.088538
404690,38.014538,-122.091851
404692,38.074595,-122.1225
404694,37.895006,-122.069169
404695,37.926414,-122.060414
404696,37.932352,-122.060035
404697,38.048607,-122.129362
404709,38.074644,-122.122655
404726,37.926458,-122.060699
404727,38.005796,-122.083017
404728,38.007989,-122.08544
404729,38.011002,-122.088635
404730,38.014401,-122.091998
404732,38.048494,-122.129589
404745,38.092441,-122.233538
404746,37.802829,-122.286516
404753,37.365125,-121.901373
404759,37.365167,-121.901551
404761,37.802638,-122.286586
