YEAR,AZ-Phoenix,CA-Los Angeles,CA-San Diego,CA-San Francisco,CO-Denver,DC-Washington,FL-Miami,FL-Tampa,GA-Atlanta,IL-Chicago,MA-Boston,MI-Detroit,MN-Minneapolis,NC-Charlotte,NV-Las Vegas,NY-New York,OH-Cleveland,OR-Portland,TX-Dallas,WA-Seattle,Composite-10,Composite-20
January 1987,,59.43,54.79,46.96,50.35,64.41,68.55,77.44,,54.21,70.27,,,63.56,66.42,74.68,54.06,41.30,,,63.10,
February 1987,,59.89,55.22,47.30,50.16,65.13,68.92,78.10,,55.23,70.64,,,64.03,67.57,76.04,54.23,41.44,,,63.80,
March 1987,,60.40,55.49,47.84,50.38,66.00,69.39,77.69,,54.81,71.05,,,64.11,67.85,77.24,54.37,41.42,,,64.43,
April 1987,,61.32,56.05,47.98,50.74,66.64,69.46,77.82,,54.80,71.41,,,64.89,68.19,78.28,54.16,41.27,,,65.06,
May 1987,,62.03,56.46,48.31,50.76,67.44,69.75,77.97,,55.48,71.88,,,65.22,67.93,79.68,54.73,41.40,,,65.82,
June 1987,,62.78,56.79,48.61,50.43,68.52,69.47,78.68,,56.06,72.30,,,65.56,66.80,80.84,54.88,41.43,,,66.48,
July 1987,,63.46,57.08,49.08,50.20,69.39,69.64,78.99,,57.11,72.62,,,65.72,65.76,81.70,55.29,41.56,,,67.12,
August 1987,,64.13,57.38,49.54,50.12,70.25,69.80,78.95,,57.61,73.16,,,65.87,65.03,82.22,55.44,41.60,,,67.71,
September 1987,,64.89,57.84,50.24,50.06,71.40,70.57,79.04,,58.27,73.75,,,66.27,65.28,82.38,55.84,41.54,,,68.35,
October 1987,,65.77,58.30,50.99,50.15,72.32,71.02,78.87,,59.01,74.01,,,66.59,65.51,83.16,56.13,41.63,,,68.99,
November 1987,,66.71,58.90,51.64,49.73,73.16,71.42,79.02,,59.71,74.42,,,67.12,66.53,83.68,56.46,41.57,,,69.57,
December 1987,,67.78,59.40,52.23,49.85,73.59,71.46,79.36,,61.08,74.58,,,67.38,66.49,84.50,56.61,41.80,,,70.31,
January 1988,,68.78,60.02,52.70,49.55,74.40,71.68,79.50,,61.97,74.66,,,67.78,66.70,84.32,56.99,41.84,,,70.76,
February 1988,,69.71,60.49,53.20,49.49,75.29,71.83,79.43,,63.45,74.59,,,67.53,66.43,84.49,57.22,41.66,,,71.24,
March 1988,,70.70,61.28,53.87,49.06,76.39,72.35,79.24,,64.51,74.48,,,67.96,66.76,84.48,57.90,42.24,,,71.74,
April 1988,,71.48,61.44,54.53,48.74,77.30,72.72,79.66,,65.15,74.53,,,67.93,67.43,84.69,58.07,42.43,,,72.20,
May 1988,,72.48,61.85,56.07,48.35,78.38,73.10,79.95,,65.57,74.81,,,67.99,67.58,84.76,58.26,42.74,,,72.76,
June 1988,,74.39,61.44,57.88,48.17,79.34,73.71,80.18,,66.46,75.00,,,68.13,67.53,84.60,58.96,42.71,,,73.50,
July 1988,,76.92,64.59,58.17,48.22,80.78,74.11,80.51,,66.55,75.03,,,68.57,67.65,84.50,59.22,42.84,,,74.34,
August 1988,,78.67,65.29,58.50,48.25,81.93,74.68,80.71,,67.75,74.84,,,69.42,67.95,84.59,59.63,43.20,,,75.09,
September 1988,,80.61,66.08,58.94,48.21,83.16,75.25,80.63,,68.02,74.71,,,69.71,68.46,84.58,59.89,43.43,,,75.82,
October 1988,,82.38,67.18,59.95,48.03,83.67,75.60,80.73,,69.03,74.60,,,69.89,68.46,84.48,60.34,43.74,,,76.43,
November 1988,,84.41,68.43,61.11,47.75,84.63,75.96,80.61,,68.65,74.64,,,69.64,68.14,84.49,60.73,43.95,,,77.08,
December 1988,,85.82,69.83,62.47,47.44,85.93,76.22,80.90,,68.51,74.70,,,69.85,67.83,84.38,61.31,44.21,,,77.68,
January 1989,67.57,87.47,71.17,63.29,47.47,86.87,76.58,80.56,,68.33,74.52,,63.49,69.92,68.78,84.48,62.00,44.48,,,78.33,
February 1989,67.62,88.77,72.76,64.06,47.45,87.80,76.99,80.99,,69.01,75.17,,63.15,70.33,69.64,84.27,62.07,44.80,,,78.90,
March 1989,67.92,91.15,74.48,65.56,47.53,88.62,77.18,81.61,,70.07,75.55,,62.69,70.62,70.48,84.19,62.17,45.00,,,79.82,
April 1989,67.97,93.01,75.81,66.70,47.47,89.33,77.55,81.97,,70.65,75.39,,63.08,70.88,70.00,83.88,61.97,45.35,,,80.44,
May 1989,68.07,94.57,77.05,67.70,47.60,89.78,77.57,82.35,,70.51,75.04,,63.18,71.22,69.79,83.49,62.64,45.61,,,80.83,
June 1989,67.70,95.51,78.14,68.78,47.61,90.20,77.81,81.96,,70.52,74.52,,63.74,71.48,71.55,82.95,62.83,46.02,,,81.07,
July 1989,67.34,96.25,79.03,69.59,47.50,90.71,78.04,81.87,,70.33,74.18,,63.56,71.66,71.77,82.17,63.27,46.26,,,81.14,
August 1989,66.95,96.66,80.10,70.72,47.48,91.37,78.26,81.24,,70.37,73.44,,63.80,71.61,72.39,81.94,63.88,46.59,,,81.40,
September 1989,66.82,97.20,81.10,71.59,47.60,91.93,78.25,81.67,,70.18,73.01,,63.89,71.68,72.79,81.54,64.31,46.93,,,81.62,
October 1989,66.56,97.88,82.06,72.43,47.90,92.19,78.38,81.94,,70.06,72.72,,64.12,71.82,73.46,81.79,64.72,47.35,,,81.94,
November 1989,66.49,99.00,82.71,73.02,48.11,92.38,78.32,82.30,,69.87,72.99,,64.40,72.29,74.26,81.55,64.57,47.76,,,82.23,
December 1989,66.50,99.77,83.57,73.39,48.21,92.84,78.72,82.15,,69.68,73.00,,64.39,72.58,74.86,81.34,65.20,48.71,,,82.47,
January 1990,66.58,100.47,84.08,73.64,48.24,93.36,79.17,82.43,,69.36,73.10,,64.22,72.84,75.56,81.04,65.37,49.65,,58.89,82.65,
February 1990,66.70,100.76,84.74,73.82,48.36,93.66,79.67,82.74,,68.70,72.87,,64.01,73.01,75.64,80.98,65.98,50.57,,60.96,82.73,
March 1990,66.64,100.99,85.13,74.60,48.50,93.61,79.53,83.12,,68.90,72.19,,64.23,73.16,76.60,80.81,66.30,50.77,,62.95,82.76,
April 1990,66.78,100.99,85.55,75.07,48.52,93.59,79.44,82.75,,69.48,71.65,,64.47,73.46,77.27,80.21,66.92,51.46,,65.46,82.68,
May 1990,66.59,100.39,85.74,75.02,48.47,93.11,79.68,82.72,,70.00,70.69,,64.60,73.60,77.85,79.55,67.06,52.07,,66.55,82.33,
June 1990,66.60,100.11,85.75,74.59,48.58,92.63,79.86,82.44,,70.25,69.99,,64.58,74.04,78.73,78.93,67.61,53.39,,67.42,81.99,
July 1990,66.40,99.51,85.59,74.05,48.66,92.23,80.03,82.63,,70.66,69.36,,64.34,73.92,79.65,78.30,67.92,54.43,,67.58,81.57,
August 1990,66.26,99.05,85.34,73.75,48.67,91.84,79.87,82.43,,70.58,68.90,,64.08,73.99,80.58,77.55,68.24,55.56,,67.85,81.17,
September 1990,65.94,98.43,85.22,73.48,48.76,91.43,79.67,82.08,,70.94,68.60,,64.15,73.89,81.00,76.68,68.38,56.63,,67.51,80.77,
October 1990,65.81,98.00,84.92,72.91,48.67,91.26,79.44,81.67,,70.72,68.08,,64.42,73.92,81.55,76.31,68.47,57.01,,67.25,80.36,
November 1990,65.38,97.11,84.65,72.37,48.75,91.01,79.55,81.51,,70.96,67.12,,64.39,73.50,81.38,75.88,68.68,57.09,,66.93,79.91,
December 1990,65.45,96.55,84.03,71.86,48.73,90.94,79.35,81.78,,70.75,66.19,,64.54,73.51,81.70,75.62,68.79,56.82,,66.77,79.52,
January 1991,65.28,95.57,83.48,71.94,48.94,89.71,79.02,81.94,69.62,70.84,65.31,58.42,64.62,73.43,81.09,74.74,68.81,56.78,,66.26,78.87,
February 1991,65.48,94.70,82.56,71.13,48.98,89.26,78.72,82.12,69.47,71.10,64.75,58.13,64.54,73.35,82.06,74.11,68.81,57.32,,65.61,78.34,
March 1991,64.79,93.77,81.60,70.61,49.06,88.21,78.73,81.55,69.32,70.94,64.45,58.15,64.41,72.96,82.15,73.58,69.06,58.63,,65.13,77.71,
April 1991,64.63,93.74,81.21,69.91,49.31,87.92,78.74,81.55,69.72,71.24,64.03,58.22,64.29,73.18,82.24,73.05,69.50,58.77,,65.45,77.45,
May 1991,64.51,93.91,81.53,70.01,49.55,88.65,78.24,81.28,69.80,71.40,64.09,58.51,64.63,73.37,82.35,73.09,69.89,59.07,,65.75,77.60,
June 1991,64.93,94.06,81.89,70.28,49.89,88.94,78.52,81.66,70.05,71.32,64.06,58.81,64.83,73.43,82.27,73.46,70.18,59.33,,66.07,77.81,
July 1991,65.32,94.28,82.10,70.66,50.33,88.99,78.63,81.72,69.91,71.58,64.01,59.04,65.39,73.37,83.34,73.91,70.55,59.58,,66.25,78.09,
August 1991,65.56,94.26,81.94,70.83,50.51,88.61,79.39,81.89,70.09,71.79,64.10,59.19,65.68,73.23,83.64,74.24,70.65,59.72,,66.34,78.25,
September 1991,65.74,94.09,81.66,70.82,50.65,88.49,79.07,81.52,70.04,71.97,64.14,59.29,66.00,73.20,84.86,74.39,70.97,59.81,,66.41,78.27,
October 1991,65.72,93.88,81.66,70.71,50.83,88.42,79.10,81.40,70.14,72.18,64.11,59.54,65.64,73.41,82.99,74.56,71.07,60.29,,66.17,78.24,
November 1991,66.08,93.47,81.45,70.53,51.04,88.67,79.07,81.58,70.12,72.37,63.86,59.63,65.67,73.68,81.58,74.62,71.22,60.38,,66.18,78.15,
December 1991,66.04,93.14,81.34,70.45,51.32,88.47,78.98,81.81,70.01,73.01,63.81,59.76,65.87,73.83,82.83,74.77,71.25,61.22,,66.08,78.15,
January 1992,66.04,92.79,80.86,70.40,51.52,88.57,79.03,81.68,70.07,73.43,63.56,59.75,66.09,73.67,83.04,74.76,71.69,61.67,,66.32,78.07,
February 1992,66.07,92.57,80.57,70.34,52.28,88.22,78.66,80.76,70.17,73.72,63.56,59.84,66.54,73.66,83.50,74.82,72.06,61.99,,66.48,78.08,
March 1992,66.11,91.91,80.69,70.19,53.07,88.64,78.93,80.42,70.23,73.89,63.81,60.08,66.77,73.51,83.12,74.96,72.64,62.17,,66.81,78.01,
April 1992,66.09,91.44,80.68,69.69,53.58,88.84,79.17,80.72,70.22,73.23,64.40,60.53,66.94,73.55,83.01,75.17,72.55,62.12,,67.24,77.95,
May 1992,66.14,90.87,80.45,69.73,53.80,88.98,79.66,81.04,70.39,73.42,64.35,60.78,66.97,73.55,83.21,75.15,72.64,62.37,,67.30,77.89,
June 1992,66.13,90.17,79.91,69.49,53.95,88.87,79.79,81.13,70.50,74.13,64.15,60.84,67.20,73.54,83.13,75.06,72.77,62.47,,67.32,77.70,
July 1992,66.10,89.49,79.57,69.27,54.14,88.50,78.06,80.63,71.08,74.90,63.94,60.90,67.26,73.87,82.77,74.96,72.86,62.59,,67.32,77.43,
August 1992,66.17,88.93,79.27,68.96,54.39,88.48,77.82,80.39,71.13,74.98,63.97,61.05,67.39,74.05,82.40,75.11,73.17,63.06,,67.11,77.31,
September 1992,66.24,88.32,79.04,68.81,54.72,88.41,77.46,80.34,71.29,75.23,63.90,61.25,67.41,74.42,82.47,75.09,73.46,63.49,,66.90,77.15,
October 1992,66.43,87.36,78.16,68.83,54.82,88.59,79.33,81.31,71.03,75.55,64.03,61.24,67.70,74.25,82.96,75.05,73.79,63.94,,67.43,77.03,
November 1992,66.50,86.64,77.92,68.75,55.24,88.67,79.50,81.70,71.36,75.91,64.03,61.27,67.93,74.34,83.31,75.19,74.08,64.67,,67.59,76.96,
December 1992,66.68,85.82,77.48,68.58,55.60,88.81,79.85,81.58,71.43,75.85,64.47,61.42,68.05,74.47,82.89,75.40,74.38,64.93,,67.85,76.86,
January 1993,66.87,85.25,77.65,68.45,56.13,89.07,79.85,81.51,71.53,76.01,64.86,61.56,68.16,74.67,82.56,75.74,74.79,65.22,,68.21,76.89,
February 1993,67.02,84.66,76.99,68.29,56.43,89.28,80.04,81.54,71.53,76.01,64.95,61.68,68.02,74.82,83.01,75.89,74.80,65.42,,68.65,76.85,
March 1993,67.37,83.62,76.62,68.07,56.95,89.44,80.02,82.10,71.75,76.22,64.82,61.70,68.53,74.79,83.20,75.99,74.95,65.86,,68.79,76.60,
April 1993,67.53,82.79,75.91,67.99,57.15,88.94,80.33,82.49,72.23,76.32,64.71,61.93,68.89,74.73,82.80,76.07,75.00,66.56,,68.29,76.40,
May 1993,67.85,82.04,75.55,67.76,57.57,88.48,80.96,82.59,72.63,76.69,64.83,62.25,69.30,74.73,81.96,76.14,75.38,67.09,,67.86,76.27,
June 1993,67.99,81.43,75.05,67.47,58.18,88.65,81.35,82.29,72.83,77.29,65.15,62.67,69.30,75.07,81.92,76.33,75.65,67.76,,67.58,76.26,
July 1993,68.30,80.57,74.49,66.93,58.81,88.82,81.80,82.27,73.12,77.55,65.52,62.96,69.57,75.29,81.99,76.32,75.99,68.17,,67.55,76.09,
August 1993,68.45,79.48,74.18,66.95,59.53,88.92,82.03,82.61,73.27,77.63,65.73,63.23,69.86,75.36,82.40,76.28,76.11,68.23,,68.01,75.90,
September 1993,68.99,79.05,74.27,66.83,60.14,88.79,82.35,83.36,73.58,77.81,65.85,63.40,70.49,75.42,82.88,76.33,76.58,68.68,,68.72,75.87,
October 1993,69.29,78.38,74.26,66.77,60.84,88.62,82.61,83.67,73.77,78.11,65.88,63.77,70.81,75.72,83.14,76.50,76.99,69.22,,69.15,75.81,
November 1993,69.80,78.23,74.31,66.72,61.43,88.51,82.48,83.44,73.99,78.43,66.22,64.18,71.22,76.32,83.74,76.74,77.65,70.12,,69.66,75.90,
December 1993,70.13,77.57,74.11,66.63,62.24,88.84,82.71,82.88,74.37,79.11,66.52,64.39,71.21,76.86,83.80,76.80,78.26,70.66,,69.90,75.91,
January 1994,70.60,77.40,74.27,66.63,62.82,88.99,83.36,82.94,74.76,80.19,66.82,64.53,71.92,77.14,83.97,76.85,78.78,71.12,,70.57,76.06,
February 1994,71.03,77.44,74.11,66.65,63.48,89.02,84.35,83.49,75.36,80.17,67.07,64.66,72.37,77.29,83.76,76.91,79.03,71.59,,70.41,76.23,
March 1994,71.43,77.26,74.01,67.32,63.94,89.31,85.17,83.96,75.47,80.08,67.47,65.08,73.23,77.45,84.08,77.24,79.14,72.23,,70.38,76.41,
April 1994,71.92,77.09,74.02,67.42,64.55,89.48,85.07,83.91,75.52,80.20,68.03,65.26,73.14,77.68,84.40,77.59,79.16,72.73,,70.66,76.58,
May 1994,72.22,76.67,74.25,67.54,65.05,89.79,85.06,83.98,75.78,80.57,67.93,65.62,73.14,77.87,85.44,77.97,79.52,73.42,,71.22,76.69,
June 1994,72.48,76.44,74.44,67.61,65.61,90.09,85.29,83.96,76.05,80.62,68.13,65.96,72.91,78.20,85.93,78.06,79.72,73.86,,71.41,76.77,
July 1994,72.87,76.41,74.55,67.64,65.96,90.18,85.65,84.71,76.39,80.66,68.16,66.38,72.67,78.62,86.29,78.24,79.91,74.55,,71.48,76.87,
August 1994,73.27,76.41,74.19,67.68,66.30,90.08,86.00,85.02,76.58,80.91,68.29,66.73,72.76,79.14,86.07,78.34,80.15,75.08,,71.37,76.94,
September 1994,73.77,76.43,73.71,67.54,66.52,90.05,86.16,85.09,76.69,81.18,68.44,67.04,72.83,79.60,86.17,78.41,80.31,75.63,,71.47,76.97,
October 1994,74.14,76.55,73.73,67.79,66.86,90.04,86.26,84.81,77.12,81.62,68.66,67.32,73.03,79.79,86.28,78.45,80.67,75.82,,71.70,77.10,
November 1994,74.45,76.47,73.46,68.05,67.18,90.14,86.52,84.83,77.56,81.72,68.79,67.50,73.18,79.89,86.54,78.38,81.12,76.08,,72.00,77.13,
December 1994,74.90,76.39,73.44,68.31,67.57,89.95,86.84,85.29,78.04,81.86,68.78,67.94,72.90,80.23,87.22,78.49,81.35,76.32,,72.12,77.21,
January 1995,75.22,76.38,73.05,68.42,67.95,89.67,86.92,85.98,78.23,81.88,68.79,68.97,73.34,80.68,87.32,78.57,81.60,77.16,,72.50,77.20,
February 1995,75.60,76.02,73.16,68.32,68.31,89.60,86.71,85.88,78.55,82.15,69.01,70.83,73.96,81.22,87.59,78.78,81.60,77.55,,72.00,77.28,
March 1995,75.67,75.78,73.00,67.73,68.60,89.40,86.75,85.71,78.59,82.28,69.13,70.74,74.78,81.25,87.74,78.57,81.84,78.40,,71.96,77.06,
April 1995,75.92,75.36,72.92,67.41,68.73,89.13,86.71,85.72,78.61,82.35,68.98,70.19,75.12,81.59,88.27,78.45,82.22,78.16,,71.55,76.88,
May 1995,76.22,75.12,72.53,67.11,69.16,88.93,86.82,85.85,78.58,82.32,69.09,70.27,75.43,81.82,88.15,78.43,82.49,78.40,,71.57,76.77,
June 1995,76.79,74.56,72.10,66.92,69.37,88.67,86.96,86.41,78.63,82.52,69.39,70.56,75.58,82.38,88.03,78.43,83.24,79.16,,71.43,76.66,
July 1995,77.14,74.50,72.09,66.96,69.82,88.57,86.95,86.61,78.93,82.85,69.70,70.91,75.82,82.89,87.92,78.45,83.14,79.90,,71.98,76.70,
August 1995,77.45,74.28,72.14,67.02,70.16,88.65,87.26,86.85,79.32,83.11,70.03,71.37,76.06,83.43,88.33,78.44,83.66,80.91,,72.34,76.75,
September 1995,77.60,74.19,72.19,67.11,70.70,88.80,87.24,86.92,79.67,83.43,70.12,71.94,76.23,84.08,88.65,78.51,83.87,81.25,,72.61,76.82,
October 1995,78.02,74.09,72.11,66.97,71.06,88.76,87.45,87.10,79.98,83.51,70.14,72.39,75.70,84.50,88.92,78.67,84.34,81.78,,72.80,76.86,
November 1995,78.39,74.03,71.70,66.91,71.36,88.65,87.39,87.27,80.16,83.88,70.11,72.89,75.90,84.90,89.01,78.74,84.44,81.97,,72.96,76.88,
December 1995,78.86,73.94,71.81,66.85,71.64,88.64,87.52,87.13,80.47,83.96,70.27,73.21,76.14,85.28,89.13,78.85,84.62,82.68,,73.24,76.92,
January 1996,79.26,73.92,71.89,66.88,71.74,88.66,87.43,87.22,80.80,84.26,70.68,73.58,76.53,85.56,89.19,78.95,84.61,83.20,,73.17,76.99,
February 1996,79.71,73.84,72.04,66.90,71.96,88.54,87.52,87.39,81.28,83.92,70.96,74.15,76.70,86.07,89.50,79.22,85.05,84.01,,73.28,77.12,
March 1996,80.08,73.86,71.76,66.81,72.34,88.61,87.16,87.86,81.40,84.02,71.39,74.71,76.82,87.28,89.44,79.50,85.61,84.48,,73.74,77.17,
April 1996,80.48,73.86,71.82,66.69,72.90,88.87,87.34,88.00,81.67,84.83,71.66,75.41,76.73,87.99,89.77,79.61,86.24,85.21,,73.92,77.34,
May 1996,80.77,74.00,71.96,66.78,73.33,88.87,87.47,87.93,81.82,85.06,71.82,75.97,76.91,88.60,89.82,79.78,86.38,85.79,,73.90,77.47,
June 1996,81.02,74.15,71.83,67.02,73.34,88.78,87.57,87.88,82.07,85.21,72.08,76.51,77.34,88.38,90.22,79.37,86.61,86.26,,74.01,77.47,
July 1996,81.34,74.11,71.72,67.22,73.53,88.71,87.82,87.76,82.08,85.18,72.44,77.04,77.89,88.18,90.22,79.43,87.00,86.67,,73.99,77.51,
August 1996,81.61,74.05,71.39,67.54,73.54,88.64,87.84,87.90,82.41,85.31,72.93,77.59,78.15,88.28,90.11,79.56,87.27,86.98,,74.45,77.61,
September 1996,81.86,74.00,71.71,67.80,73.90,88.68,87.98,87.79,82.73,85.54,73.02,78.02,78.47,88.22,89.81,79.76,87.48,87.95,,74.28,77.75,
October 1996,82.07,74.18,71.83,68.26,74.26,88.82,87.94,88.21,83.04,85.81,73.32,78.58,78.85,88.46,89.66,79.89,87.62,89.00,,74.68,77.95,
November 1996,82.30,74.42,72.15,68.94,74.74,88.92,88.11,88.29,83.32,86.12,73.48,78.96,79.30,88.92,89.48,79.92,87.72,90.19,,74.72,78.18,
December 1996,82.48,74.52,72.22,69.21,75.19,88.67,88.00,88.72,83.42,86.45,74.20,79.17,79.59,89.27,90.14,80.20,87.96,90.75,,75.15,78.38,
January 1997,82.80,74.54,72.56,69.64,75.39,88.78,88.06,88.65,83.70,86.52,74.61,79.35,79.98,89.73,90.78,80.44,87.68,91.24,,75.73,78.57,
February 1997,83.18,74.40,72.75,69.84,75.76,88.97,88.07,88.65,83.87,86.53,74.91,79.24,79.97,89.89,91.63,80.59,88.48,92.22,,76.33,78.72,
March 1997,83.55,74.79,72.97,70.64,76.17,89.34,88.34,87.95,84.12,86.83,75.35,80.25,79.89,90.42,91.91,80.59,88.92,93.10,,76.87,78.99,
April 1997,83.95,75.27,73.25,71.26,76.59,88.92,88.55,88.44,84.51,86.92,75.73,80.97,79.67,90.37,91.63,80.67,88.83,93.53,,77.86,79.25,
May 1997,84.27,75.76,73.49,71.79,76.94,88.93,88.66,88.71,84.96,86.89,76.13,81.73,80.39,90.55,91.50,80.95,89.00,93.66,,78.78,79.53,
June 1997,84.39,76.19,74.05,72.31,77.35,88.97,88.75,88.82,85.13,86.89,76.49,82.22,80.73,90.66,91.72,81.39,88.82,93.03,,79.65,79.91,
July 1997,84.44,76.54,74.42,72.80,77.80,89.01,88.80,88.92,85.35,87.22,76.75,82.52,82.06,91.14,92.08,81.78,89.47,93.16,,80.67,80.22,
August 1997,84.56,77.16,75.01,73.57,78.31,89.12,88.89,89.23,85.55,87.56,77.07,82.84,82.26,91.42,92.49,81.94,89.40,92.88,,81.11,80.61,
September 1997,85.03,77.56,75.38,74.12,78.44,89.23,89.17,89.44,86.08,87.97,77.44,83.48,81.76,91.91,92.59,82.06,89.97,93.17,,81.69,80.91,
October 1997,85.64,78.23,76.20,75.04,78.82,89.54,89.59,89.51,86.43,88.33,78.00,84.00,82.10,92.36,92.89,82.34,89.70,92.95,,82.06,81.42,
November 1997,86.16,78.89,76.73,75.68,79.33,89.75,89.91,89.72,86.89,88.92,78.62,84.50,82.18,92.56,92.90,82.82,90.43,93.59,,82.77,81.96,
December 1997,86.56,79.91,78.09,76.50,80.04,89.97,90.33,90.09,87.19,89.38,79.28,84.75,82.59,92.64,93.20,83.27,90.67,93.94,,83.67,82.59,
January 1998,86.92,81.03,78.98,77.20,80.65,90.11,90.73,90.78,87.62,90.19,79.90,85.18,82.87,92.68,93.24,83.73,91.25,94.09,,84.48,83.26,
February 1998,87.43,82.19,79.89,77.68,81.01,90.22,91.06,91.08,87.99,90.54,80.57,85.74,83.51,92.95,93.59,84.41,91.62,94.13,,85.65,83.97,
March 1998,87.69,83.65,81.01,78.31,81.24,90.35,91.14,91.39,88.61,90.70,81.18,86.28,83.70,93.00,94.78,84.94,91.85,94.55,,86.30,84.62,
April 1998,88.13,84.40,82.08,79.13,81.76,90.55,91.23,91.49,89.16,90.67,81.95,86.95,84.30,93.16,94.77,85.42,92.09,94.97,,87.00,85.19,
May 1998,88.59,85.40,83.09,80.22,82.42,90.84,91.44,91.60,89.74,90.99,82.79,87.59,84.83,93.60,94.54,85.99,92.42,95.34,,87.58,85.86,
June 1998,89.25,86.45,84.05,81.39,83.08,91.30,92.03,91.88,90.16,91.56,83.68,88.06,85.35,94.01,94.23,86.48,93.08,95.70,,88.38,86.63,
July 1998,89.90,87.85,85.15,82.38,83.74,91.55,92.65,92.42,90.44,91.81,84.49,88.47,85.86,94.30,94.30,87.16,93.32,96.03,,89.16,87.43,
August 1998,90.23,88.93,86.18,83.52,84.55,91.78,92.91,92.67,90.76,92.15,85.28,89.01,86.37,94.62,94.41,87.67,93.55,96.43,,89.77,88.14,
September 1998,90.62,90.08,87.13,84.44,85.25,91.97,93.07,93.23,91.08,92.27,86.20,89.45,86.77,94.90,94.79,88.23,93.75,96.77,,90.48,88.85,
October 1998,90.94,90.77,87.71,84.96,86.05,92.40,93.14,93.27,91.86,92.52,86.58,89.98,87.41,95.40,94.88,88.74,94.05,97.09,,91.14,89.35,
November 1998,91.55,91.29,88.21,85.16,86.80,93.01,93.38,93.81,92.50,92.11,86.88,90.63,88.29,95.63,95.29,89.26,94.55,97.54,,91.82,89.73,
December 1998,92.20,91.78,88.90,85.40,87.43,93.51,93.57,93.79,93.07,92.66,87.79,91.50,89.04,96.03,95.63,89.56,94.91,98.08,,92.13,90.14,
January 1999,92.75,92.14,90.11,86.23,88.49,94.19,93.94,94.09,93.58,92.94,89.24,92.43,89.91,96.36,96.25,89.86,95.44,98.74,,92.71,90.71,
February 1999,93.33,92.72,91.13,87.22,89.46,94.43,94.43,94.46,94.07,93.52,90.56,93.06,90.57,96.67,96.79,90.51,95.79,99.24,,93.10,91.44,
March 1999,94.02,93.38,91.99,88.29,90.86,94.93,95.12,94.86,94.84,93.62,91.29,93.48,91.28,97.37,96.70,91.29,96.43,98.75,,93.88,92.13,
April 1999,94.73,94.38,92.49,89.09,91.69,95.52,95.85,95.47,95.13,94.65,92.15,93.63,92.29,98.08,96.86,92.27,96.88,98.82,,94.69,93.05,
May 1999,95.12,95.23,93.09,89.97,92.55,95.86,96.18,96.14,95.78,95.43,93.00,94.22,92.93,98.45,97.34,93.00,97.20,99.11,,95.43,93.75,
June 1999,95.59,96.03,94.07,91.28,93.39,96.59,96.08,96.56,96.26,96.32,93.80,94.89,93.72,98.79,97.95,94.03,97.28,99.60,,96.33,94.65,
July 1999,96.13,96.65,94.95,92.89,94.38,97.29,96.79,97.09,96.91,96.63,95.08,95.86,94.47,99.00,98.22,94.94,97.42,99.86,,96.76,95.50,
August 1999,96.88,97.17,95.88,94.28,95.56,98.01,97.28,97.45,97.32,97.17,96.08,96.59,95.64,99.24,98.18,96.02,97.92,100.14,,97.46,96.38,
September 1999,97.62,97.68,96.96,95.60,96.96,98.60,97.89,97.99,97.78,97.75,97.20,97.41,96.99,99.52,98.58,96.79,98.30,100.34,,98.20,97.20,
October 1999,98.29,98.33,98.02,96.76,98.04,98.99,97.95,98.67,98.49,98.66,98.21,98.01,98.06,99.46,98.99,97.59,98.89,100.67,,99.21,97.98,
November 1999,98.96,99.24,99.07,98.51,98.85,99.46,98.56,98.97,99.08,99.40,99.27,98.67,98.86,99.55,99.54,98.40,99.61,100.48,,100.05,98.89,
December 1999,99.64,100.33,100.07,100.03,99.67,100.09,99.32,99.68,99.92,100.14,100.36,99.48,99.63,100.20,99.85,99.35,100.05,100.53,,100.53,99.87,
January 2000,100.41,101.03,101.10,101.45,100.66,100.87,99.94,100.08,100.37,100.56,100.92,100.15,100.19,100.66,100.40,100.34,100.53,100.59,100.71,101.08,100.75,100.59
February 2000,100.94,102.04,102.41,104.17,101.65,101.70,100.47,100.79,101.28,101.41,101.89,100.87,100.97,101.10,100.90,101.24,100.51,101.25,103.04,101.66,101.89,101.69
March 2000,101.72,103.22,104.09,107.34,102.73,102.89,101.09,101.45,101.77,102.43,102.65,101.37,101.63,101.14,101.44,102.06,101.17,101.56,102.71,102.94,103.15,102.78
April 2000,102.27,104.16,105.71,110.63,103.54,103.95,102.01,102.31,102.69,103.41,104.35,101.76,102.97,102.27,101.59,103.13,101.74,102.18,103.28,103.48,104.53,104.00
May 2000,102.99,104.92,107.13,113.80,105.30,104.92,102.75,103.39,103.26,104.39,106.01,102.58,104.41,102.24,102.05,104.92,102.16,102.08,103.72,104.22,106.01,105.25
June 2000,103.70,105.69,108.97,116.82,106.91,105.72,103.40,104.23,104.13,105.51,107.93,103.28,105.61,102.69,102.28,106.06,102.04,102.19,103.62,104.43,107.34,106.40
July 2000,104.08,106.32,110.32,117.86,108.30,106.71,103.69,105.03,104.31,106.03,108.92,103.99,106.39,102.25,102.67,107.02,101.93,102.40,104.05,104.94,108.17,107.13
August 2000,104.50,106.97,111.67,119.05,109.30,107.79,104.36,105.41,104.69,106.42,110.13,104.23,107.36,102.53,103.22,108.02,102.19,102.65,104.36,105.22,109.07,107.86
September 2000,104.97,107.89,112.66,120.41,110.55,108.99,105.11,105.91,104.77,106.71,111.37,104.65,108.47,102.52,103.89,108.83,102.52,102.81,105.08,105.63,110.03,108.61
October 2000,105.33,108.81,113.47,123.25,111.73,109.87,106.09,106.51,105.41,106.98,112.97,105.06,109.63,102.86,104.68,109.79,103.20,103.03,105.51,105.82,111.17,109.49
November 2000,105.80,109.98,115.25,126.44,113.10,111.09,107.42,108.19,106.03,107.47,114.77,106.10,111.16,103.18,105.04,110.64,103.56,103.34,106.28,106.40,112.50,110.57
December 2000,106.01,110.72,116.96,130.06,114.54,112.40,108.66,109.81,106.56,108.15,116.95,106.68,111.73,103.00,105.52,111.84,104.22,104.11,106.57,107.29,113.93,111.80
January 2001,106.40,112.03,118.90,133.04,115.51,113.79,110.24,110.90,107.06,108.92,118.84,107.33,113.35,103.54,105.77,112.94,104.54,104.60,107.24,107.77,115.43,113.05
February 2001,106.88,112.90,120.14,135.07,116.88,115.39,111.07,111.71,107.42,109.52,120.41,107.50,114.50,103.87,106.17,114.25,104.85,104.85,108.37,107.91,116.69,114.13
March 2001,107.46,114.18,122.32,134.94,117.24,116.84,112.27,112.41,107.93,110.36,121.56,108.04,116.39,104.00,106.99,115.31,104.97,105.10,109.08,108.14,117.72,115.09
April 2001,108.08,114.64,123.36,133.86,118.52,118.63,113.53,113.45,108.33,111.29,122.74,108.39,117.27,103.87,107.95,116.36,104.78,105.42,109.90,109.03,118.50,115.84
May 2001,108.70,115.26,124.28,132.66,119.25,119.26,114.77,113.77,108.63,112.09,123.18,108.85,118.28,104.22,108.74,116.98,105.25,105.96,110.06,109.24,118.95,116.30
June 2001,109.02,115.74,124.52,130.83,119.97,120.25,115.90,115.20,109.30,113.22,124.44,109.14,119.68,104.32,109.51,118.07,105.68,106.59,110.48,109.74,119.50,116.90
July 2001,109.51,116.38,125.29,129.28,120.39,121.08,117.13,116.16,109.67,114.21,125.60,109.66,121.26,104.83,110.30,119.22,106.47,107.34,110.42,109.99,120.10,117.50
August 2001,109.86,117.36,125.87,128.33,120.96,122.09,118.29,117.85,110.18,115.25,126.94,110.41,122.12,104.63,110.97,120.59,106.98,108.02,110.63,110.55,120.95,118.25
September 2001,110.28,118.34,126.98,128.18,121.51,123.10,119.52,118.12,110.66,116.09,128.15,110.85,123.20,104.73,111.70,121.98,107.27,108.34,110.52,111.21,121.95,119.03
October 2001,110.75,119.32,128.15,128.21,121.70,124.13,121.09,118.88,111.05,116.52,129.13,111.10,124.10,104.53,112.08,123.10,107.01,108.53,111.20,111.60,122.81,119.69
November 2001,111.10,120.30,129.35,127.68,121.64,125.05,122.72,119.54,111.17,116.80,130.18,110.93,125.28,104.50,112.97,124.41,106.77,108.44,111.45,112.04,123.62,120.27
December 2001,111.65,121.29,129.99,126.84,121.62,126.18,123.76,119.89,111.29,117.09,130.51,111.25,125.97,104.61,113.52,124.58,106.37,108.41,111.99,112.07,124.02,120.67
January 2002,112.16,122.71,130.32,126.84,122.10,127.25,124.49,120.40,111.66,117.50,131.35,111.47,126.42,104.78,114.45,125.38,106.88,108.93,112.54,112.84,124.83,121.36
February 2002,112.79,123.99,131.73,127.61,122.39,128.82,125.42,120.70,112.27,118.12,131.77,112.14,126.98,105.26,115.00,126.10,107.42,109.53,112.75,113.26,125.76,122.19
March 2002,113.21,125.46,133.19,129.56,123.10,130.14,126.65,122.96,112.80,118.73,132.97,112.33,128.13,105.61,115.41,127.31,107.97,111.13,113.24,113.57,127.04,123.32
April 2002,113.68,126.85,135.65,132.11,123.33,131.63,128.10,123.71,112.75,119.64,134.53,112.32,128.99,106.16,115.40,128.69,108.36,111.06,113.37,113.52,128.54,124.51
May 2002,114.19,128.69,138.13,134.75,124.01,133.30,129.80,124.95,112.93,120.34,136.68,112.81,130.22,106.14,115.87,130.48,108.59,111.53,113.47,113.73,130.34,125.93
June 2002,114.68,130.78,140.54,137.57,124.25,134.84,131.57,125.60,113.25,121.05,138.77,113.38,131.20,106.21,116.34,132.49,109.15,111.30,113.19,114.05,132.22,127.39
July 2002,114.99,132.86,142.87,139.37,124.68,137.00,133.48,126.85,113.66,121.86,140.54,114.03,132.29,106.15,116.83,134.86,109.46,112.27,113.18,114.46,134.10,128.88
August 2002,115.29,135.09,145.70,141.11,124.61,138.96,134.90,127.75,114.02,122.63,142.31,114.55,133.28,106.73,117.27,137.01,109.49,112.02,113.56,114.76,135.96,130.31
September 2002,115.54,137.24,148.04,141.85,124.67,140.80,136.58,128.57,114.16,123.48,144.20,114.80,133.90,107.06,117.80,138.83,109.41,112.21,113.74,115.05,137.61,131.53
October 2002,115.82,139.72,150.59,142.82,125.00,142.45,138.26,129.20,114.60,124.35,145.85,114.88,135.26,107.31,119.16,140.81,109.58,112.33,113.86,115.44,139.37,132.84
November 2002,116.24,141.82,153.05,143.63,125.55,143.86,139.85,130.26,114.92,125.32,147.41,115.53,136.13,107.34,120.60,142.85,109.77,113.00,113.86,115.91,141.01,134.09
December 2002,116.71,143.98,155.20,143.82,125.71,145.59,141.70,131.83,115.25,126.36,147.86,115.61,137.91,107.71,122.00,144.92,110.23,113.80,114.19,116.63,142.56,135.40
January 2003,117.71,145.75,157.30,143.73,125.62,146.68,143.77,133.27,115.65,127.22,148.52,115.71,138.86,108.38,122.92,146.64,110.89,114.61,114.71,116.85,143.86,136.47
February 2003,118.61,147.30,158.50,143.85,125.60,147.93,145.86,134.66,115.96,128.21,149.70,115.33,140.04,108.75,123.74,147.93,111.70,115.40,114.82,117.48,145.04,137.46
March 2003,119.57,148.88,159.70,143.95,126.11,148.71,147.39,135.52,116.77,129.50,150.97,116.16,140.57,108.43,124.34,149.19,112.05,116.00,113.96,117.98,146.14,138.39
April 2003,119.90,150.48,161.10,144.30,125.92,149.94,148.70,136.63,116.56,129.79,151.64,117.12,141.52,107.99,125.29,150.34,112.60,116.39,113.58,118.47,147.14,139.25
May 2003,120.28,152.29,162.58,144.37,125.78,151.37,149.81,138.12,116.85,130.53,151.88,118.10,142.25,107.71,125.97,151.49,112.98,116.93,113.63,118.89,148.19,140.15
June 2003,120.67,154.07,164.20,144.84,125.08,152.99,150.72,138.67,116.82,131.03,152.38,117.84,142.59,108.04,126.95,152.24,113.36,117.67,114.16,119.36,149.13,140.92
July 2003,121.28,157.02,166.36,146.18,125.17,154.71,152.78,139.35,117.03,131.70,152.90,117.80,143.80,108.15,128.36,153.29,113.79,118.32,114.35,119.97,150.65,142.12
August 2003,122.10,160.11,169.43,147.80,125.60,156.79,155.04,139.69,117.32,132.19,153.57,117.84,144.78,108.67,130.43,154.50,114.41,118.88,114.36,121.02,152.44,143.55
September 2003,123.04,163.59,173.15,149.65,125.83,159.26,157.04,141.85,117.72,133.28,154.60,118.13,145.89,108.61,132.70,156.37,115.09,119.45,114.39,121.71,154.66,145.26
October 2003,123.91,167.06,177.15,151.55,126.30,161.69,159.08,143.28,118.03,134.44,155.90,118.80,146.96,109.96,135.70,157.98,115.73,120.34,114.50,122.84,156.81,146.99
November 2003,124.97,170.75,181.12,153.73,126.79,164.16,160.76,144.88,118.45,135.65,157.68,119.12,148.04,110.61,138.80,160.02,116.15,121.40,114.63,123.52,159.17,148.82
December 2003,126.24,174.78,185.05,155.98,127.26,166.52,162.59,145.23,118.69,137.04,159.30,119.45,148.75,111.19,143.07,161.90,116.38,122.38,114.42,124.84,161.64,150.75
January 2004,127.29,178.77,188.63,157.84,128.08,169.53,164.82,148.00,119.30,138.02,160.56,119.77,150.00,110.49,147.24,163.65,116.46,123.14,114.93,125.58,164.01,152.62
February 2004,128.40,182.91,192.67,159.95,128.65,171.77,167.03,149.52,119.58,138.76,161.99,119.99,151.26,110.71,151.62,165.45,116.85,123.92,115.36,126.58,166.42,154.54
March 2004,129.64,188.79,199.06,162.21,129.25,174.68,170.31,152.67,120.21,139.62,163.26,120.93,152.79,111.29,159.84,167.43,117.10,124.19,114.50,127.49,169.49,156.96
April 2004,130.93,194.50,204.92,164.53,129.29,177.85,173.11,153.24,120.82,140.18,165.54,121.37,154.47,112.10,167.51,169.14,118.02,125.68,114.71,128.60,172.48,159.35
May 2004,132.45,199.74,211.08,166.80,129.31,182.00,176.66,155.37,120.93,141.47,166.18,122.16,154.93,112.52,175.43,171.14,117.88,126.62,115.15,129.88,175.54,161.75
June 2004,133.93,205.30,216.72,169.84,129.84,186.73,179.84,157.84,120.89,142.32,167.52,121.82,156.23,112.62,185.01,173.34,117.92,127.52,115.50,131.10,178.84,164.30
July 2004,135.80,209.32,221.87,172.10,129.97,189.90,183.32,159.95,121.29,143.25,168.15,121.61,156.54,112.74,193.60,175.65,117.91,128.46,115.78,132.27,181.53,166.38
August 2004,137.57,211.16,225.12,174.54,130.35,193.05,186.69,162.56,121.72,143.85,169.29,121.61,157.31,112.52,199.40,177.32,118.07,129.63,115.91,133.13,183.54,168.07
September 2004,140.57,212.72,227.99,177.06,130.51,196.12,190.32,165.06,122.24,145.18,170.15,121.80,157.32,112.60,203.02,179.14,118.53,131.17,115.94,134.25,185.52,169.65
October 2004,143.81,213.87,230.26,180.05,131.26,199.55,193.54,167.96,122.73,146.16,172.04,122.12,158.18,113.04,205.27,181.13,118.63,132.72,116.22,135.25,187.44,171.29
November 2004,147.69,215.99,231.78,183.27,131.86,203.15,197.07,170.59,123.23,147.25,173.05,122.45,158.85,113.82,206.86,182.93,119.31,134.09,116.46,137.29,189.49,173.07
December 2004,152.13,218.10,234.30,187.10,132.75,206.97,200.85,173.57,123.94,148.56,174.31,122.71,159.66,114.75,208.17,184.61,119.76,135.21,117.03,139.11,191.75,175.07
January 2005,156.33,221.44,236.70,191.60,133.40,210.80,205.32,177.24,124.64,150.03,175.73,123.26,161.39,115.13,209.16,187.18,121.14,136.77,117.56,141.62,194.60,177.54
February 2005,161.66,225.20,239.03,196.00,134.38,215.14,210.02,180.84,125.45,151.81,177.94,123.95,162.68,115.64,211.65,189.80,121.90,138.28,118.27,143.02,197.78,180.25
March 2005,167.81,229.75,239.92,200.46,134.66,221.04,215.94,185.28,126.23,154.01,179.47,124.73,163.76,115.45,213.66,193.10,121.63,140.21,118.95,145.27,201.31,183.28
April 2005,174.65,233.45,241.30,202.31,135.10,225.77,222.35,188.47,126.96,154.61,180.51,125.52,165.11,115.49,216.19,195.16,121.89,142.11,119.04,146.78,203.82,185.50
May 2005,181.12,237.12,242.33,204.83,135.13,229.73,227.79,192.03,127.29,155.27,180.73,126.50,165.16,116.02,217.99,196.73,121.91,144.48,119.28,148.78,206.08,187.55
June 2005,188.96,240.62,243.65,207.20,134.94,233.78,233.95,196.81,127.82,156.08,180.10,125.90,165.41,116.99,219.48,198.19,121.61,147.57,119.00,150.80,208.22,189.52
July 2005,196.17,244.30,244.51,209.32,134.97,236.81,239.22,201.11,127.77,156.65,180.02,125.27,165.21,117.69,220.47,199.81,121.45,150.42,119.38,152.84,210.28,191.37
August 2005,203.01,248.31,245.50,210.72,135.23,238.99,244.93,206.34,127.93,156.57,179.71,124.68,165.33,118.51,222.03,201.57,121.42,153.42,119.56,155.12,212.33,193.37
September 2005,209.58,252.86,245.95,212.81,135.90,241.38,250.57,211.66,127.95,157.99,180.15,124.66,165.61,118.60,223.78,204.10,121.65,156.47,120.33,157.56,214.96,195.61
October 2005,213.63,257.75,247.70,214.14,136.60,243.79,255.88,217.90,128.86,159.16,179.99,125.13,166.90,119.92,225.58,206.69,121.99,159.08,120.92,159.85,217.45,197.87
November 2005,217.37,261.58,249.57,215.45,137.21,246.21,259.91,222.59,129.74,161.33,180.79,125.69,168.25,120.36,227.90,209.33,122.48,161.76,122.10,162.49,219.93,200.12
December 2005,220.12,265.36,249.87,216.37,137.91,248.42,263.88,226.01,130.70,162.55,180.44,126.35,169.30,121.54,229.85,212.06,122.84,164.20,122.83,164.83,222.16,202.15
January 2006,222.99,268.15,250.56,217.36,138.80,250.25,267.94,229.51,131.70,164.44,180.58,126.87,170.10,121.02,232.27,213.51,123.37,167.09,123.44,167.40,223.87,203.75
February 2006,225.25,271.22,251.38,218.77,139.33,251.97,271.98,232.29,132.33,165.90,179.54,127.29,171.47,122.13,234.34,215.06,123.30,169.66,123.49,169.40,225.63,205.35
March 2006,226.55,272.09,251.71,219.26,139.36,252.88,275.04,236.00,132.66,168.00,180.05,127.78,172.28,122.84,235.22,215.58,122.98,172.60,123.48,171.72,226.53,206.33
April 2006,227.82,273.10,251.33,218.85,138.82,252.30,278.13,237.99,132.90,167.60,179.39,125.99,173.82,124.17,235.76,216.41,122.36,174.06,123.22,173.10,226.89,206.64
May 2006,228.07,272.98,249.68,218.07,138.74,251.19,280.14,239.05,133.02,167.70,178.34,125.36,172.82,124.58,235.42,216.61,121.86,175.37,123.09,174.72,226.65,206.51
June 2006,227.56,272.32,247.92,216.56,138.44,249.33,279.19,238.01,133.11,167.19,176.52,123.81,171.44,125.29,233.76,216.19,121.95,176.72,123.26,176.57,225.69,205.80
July 2006,226.11,271.52,246.00,215.01,138.34,247.12,278.46,236.98,133.16,166.61,175.61,122.64,169.27,126.32,233.08,215.06,121.86,177.77,123.56,178.31,224.56,204.93
August 2006,224.51,270.66,244.11,214.32,137.79,244.42,276.02,235.29,133.10,166.15,174.93,121.60,168.41,127.04,232.41,213.22,121.22,178.90,123.72,179.81,223.31,204.12
September 2006,222.93,270.45,243.37,213.74,137.62,241.72,276.18,234.07,133.06,166.51,173.86,120.64,167.41,127.80,231.89,213.07,120.50,179.52,123.65,181.07,222.82,203.57
October 2006,221.69,271.02,242.07,213.40,137.35,241.81,277.50,232.38,133.74,166.50,173.69,120.36,167.43,128.05,231.31,213.05,120.15,179.89,123.66,182.14,222.76,203.53
November 2006,220.97,271.76,241.46,213.16,137.29,241.51,278.73,231.32,134.09,166.52,171.87,119.85,167.33,129.10,231.42,213.18,119.93,180.37,123.81,183.42,222.86,203.61
December 2006,220.58,270.24,239.32,213.10,137.62,241.40,279.58,230.10,134.65,166.77,171.28,118.65,167.60,129.78,231.67,213.26,119.73,180.36,124.49,184.74,222.53,203.42
January 2007,221.36,270.69,240.12,214.56,137.58,241.35,278.89,229.71,134.97,168.23,170.53,118.14,168.69,130.76,231.92,212.90,120.11,181.89,124.50,186.35,222.71,203.69
February 2007,220.87,270.08,238.89,214.68,137.51,241.72,279.69,230.42,135.56,169.41,171.23,117.86,169.61,131.28,231.70,213.28,120.30,183.03,125.24,187.76,222.93,204.02
March 2007,220.29,268.74,236.70,215.28,137.01,241.52,278.54,229.62,135.83,171.20,171.86,118.44,170.08,132.17,231.20,214.08,120.45,185.13,125.48,189.46,222.97,204.23
April 2007,218.22,266.51,234.65,213.60,136.59,238.60,276.11,226.76,136.03,168.72,171.75,116.64,170.01,132.95,228.69,213.54,119.28,185.42,125.68,189.99,221.37,202.87
May 2007,215.67,264.31,232.40,210.89,136.78,235.88,271.58,223.20,135.38,167.35,170.96,114.07,167.50,133.21,226.07,211.86,118.47,185.40,125.25,190.61,219.31,201.04
June 2007,212.69,261.49,229.90,208.03,136.82,232.49,266.12,219.56,134.93,166.05,169.74,111.54,164.83,133.64,222.28,209.71,117.16,184.64,124.98,190.45,216.82,198.85
July 2007,209.43,258.52,226.65,205.64,136.96,229.43,260.13,215.57,134.12,164.73,169.25,111.10,162.82,133.66,219.16,207.83,116.76,184.26,124.14,190.27,214.47,196.85
August 2007,206.34,254.97,223.57,204.55,136.80,226.43,253.95,210.87,133.61,163.32,168.02,109.77,161.30,133.86,214.91,205.52,115.79,183.51,123.98,189.66,212.04,194.92
September 2007,203.04,251.33,219.80,203.31,136.19,225.89,248.25,207.42,133.10,161.47,168.07,108.53,159.79,133.68,211.08,204.98,115.45,183.30,123.71,189.23,210.09,193.10
October 2007,198.00,247.03,215.36,199.67,134.70,225.43,242.97,204.73,132.77,160.31,167.35,106.57,158.42,133.48,206.34,204.00,114.61,183.20,123.44,187.92,207.63,190.95
November 2007,192.30,239.03,209.12,194.52,132.97,222.94,236.32,202.01,131.38,159.60,166.88,104.17,156.36,132.88,200.75,203.32,112.83,182.56,122.38,186.45,204.11,187.83
December 2007,186.69,232.99,203.44,189.88,131.56,219.13,230.39,199.45,130.44,159.06,165.49,102.43,154.39,132.93,195.78,201.71,112.27,182.46,121.75,185.72,200.72,185.01
January 2008,181.01,225.94,199.87,186.53,130.91,215.52,224.91,195.77,129.69,157.41,164.70,100.33,151.97,133.20,186.82,200.75,110.12,181.03,120.57,184.41,197.37,182.03
February 2008,175.06,217.66,193.13,178.45,130.43,211.55,219.02,190.74,128.61,155.80,163.41,98.58,149.09,133.44,178.48,199.36,109.61,179.56,120.42,182.99,193.04,178.44
March 2008,169.91,210.56,188.21,172.61,130.42,207.79,210.71,185.26,127.39,155.08,162.25,97.72,147.17,133.41,171.14,198.62,109.47,178.08,121.55,181.73,189.48,175.50
April 2008,164.02,205.23,182.20,166.88,130.26,203.81,203.03,181.04,125.46,153.89,161.15,96.27,144.93,132.89,167.26,197.04,111.34,176.99,121.53,180.81,185.90,172.44
May 2008,158.72,199.53,178.56,162.79,130.14,199.99,195.11,178.27,124.56,152.05,160.64,94.76,143.55,132.89,162.25,195.83,109.00,175.68,121.34,178.58,182.62,169.60
June 2008,153.31,195.35,174.36,158.66,130.17,196.31,190.87,175.14,123.18,150.11,160.58,93.44,141.93,131.91,159.35,194.88,108.33,173.91,120.80,176.76,180.06,167.23
July 2008,148.04,190.73,169.84,154.23,130.22,192.89,186.27,173.33,121.96,147.67,159.72,92.36,140.82,131.14,154.37,192.68,107.23,171.84,120.79,174.36,176.83,164.43
August 2008,142.98,186.79,165.72,148.19,129.55,190.45,181.99,171.98,121.17,146.65,159.53,90.46,138.44,129.94,149.75,191.25,107.70,169.33,120.49,172.66,174.14,162.16
September 2008,138.21,181.86,161.88,142.93,128.68,186.77,177.36,168.61,120.23,144.29,158.23,87.81,136.29,128.90,145.38,189.87,107.97,167.42,120.27,170.39,170.74,159.08
October 2008,133.31,178.06,157.91,137.52,127.60,182.78,172.30,163.94,118.83,142.26,157.34,84.56,132.38,127.51,141.10,187.85,107.52,164.63,119.57,168.54,167.74,156.23
November 2008,129.00,174.73,155.14,134.47,127.24,179.40,168.31,159.75,116.72,139.40,154.70,82.50,130.36,125.83,137.12,185.52,106.97,161.62,118.29,165.49,164.96,153.54
December 2008,123.19,171.28,152.84,130.46,126.41,176.18,164.01,155.58,113.98,136.33,153.89,80.18,125.10,123.40,131.00,183.27,105.53,158.36,116.53,160.99,162.12,150.58
January 2009,117.74,167.60,150.07,126.49,124.41,173.98,158.62,150.40,111.44,131.93,152.60,77.60,121.34,122.51,125.96,181.45,104.70,155.80,114.77,157.06,159.09,147.54
February 2009,113.53,165.39,149.07,123.53,123.40,171.27,154.61,147.44,109.26,129.11,151.73,75.33,119.45,121.19,121.82,179.16,100.59,153.91,115.00,155.00,156.91,145.45
March 2009,108.92,163.73,146.81,121.26,123.45,170.09,150.41,144.22,107.93,127.13,149.75,72.94,114.07,121.23,117.74,175.97,99.97,151.16,114.96,152.32,154.66,143.17
April 2009,106.29,161.76,145.78,120.41,123.88,169.75,148.17,142.67,107.13,125.90,149.15,72.28,113.73,119.71,113.49,173.22,99.78,148.87,115.45,150.60,152.91,141.63
May 2009,104.50,160.01,145.50,120.21,124.08,170.30,146.27,141.27,106.06,125.93,149.30,71.87,112.90,119.51,110.39,172.86,102.22,147.07,116.20,148.81,152.23,140.95
June 2009,104.78,160.59,146.53,123.63,125.26,172.02,146.18,140.67,106.02,124.77,150.88,70.01,113.91,119.05,107.75,172.34,104.81,147.43,117.88,148.11,152.87,141.40
July 2009,105.85,162.34,148.86,126.37,126.25,173.86,146.46,141.12,107.08,126.16,151.43,69.43,116.58,119.24,106.06,172.50,105.53,147.82,118.61,147.38,154.04,142.34
August 2009,107.03,164.42,150.95,129.22,126.88,175.71,147.31,141.05,108.03,127.66,152.45,69.73,119.13,118.63,105.03,172.54,104.32,147.97,118.79,147.14,155.40,143.55
September 2009,108.01,165.53,152.68,131.5,127.15,177.25,148.24,140.14,108.89,128.24,152.80,70.59,120.83,118.41,103.85,172.79,103.85,147.68,118.77,146.71,156.02,144.00
October 2009,109.20,166.84,154.19,133.79,127.41,177.84,148.08,138.88,109.32,127.33,152.95,71.40,121.20,118.57,103.51,172.44,103.81,148.18,118.90,147.50,156.75,144.66
November 2009,110.61,168.56,155.73,135.76,127.85,178.24,147.88,138.77,109.80,127.45,153.82,71.56,121.76,118.88,103.51,171.72,104.28,149.47,120.08,147.81,157.36,145.25
December 2009,111.76,171.28,156.88,136.67,127.94,179.47,147.73,138.55,109.79,126.56,154.62,71.94,122.46,118.79,103.95,171.84,104.30,149.77,120.07,148.37,158.21,145.98
January 2010,112.35,174.06,158.86,138.13,127.87,179.60,148.06,139.51,109.29,126.38,154.83,71.97,123.68,118.72,103.91,172.10,105.26,149.27,119.66,147.84,159.11,146.62
February 2010,111.68,174.22,160.39,138.66,128.13,180.23,148.07,138.85,108.52,125.73,154.49,71.33,123.36,118.17,103.88,172.15,104.65,146.67,118.20,146.39,159.45,146.66
March 2010,111.62,173.69,162.77,141.39,128.64,180.31,148.06,139.39,106.83,124.82,155.83,69.95,122.63,116.63,103.61,172.00,106.92,147.23,118.62,147.17,159.85,146.85
April 2010,112.01,174.44,162.89,142.33,129.31,182.42,147.79,139.43,107.46,124.46,156.74,70.47,125.61,117.07,103.84,171.76,106.68,148.48,119.47,146.48,160.23,147.30
May 2010,112.02,175.56,163.60,142.14,128.46,183.59,148.17,139.24,107.79,124.41,156.70,70.33,126.46,116.09,103.24,172.33,105.92,148.06,119.56,146.58,160.58,147.54
June 2010,110.99,175.28,163.01,141.12,127.35,184.38,147.69,138.08,107.77,124.45,155.77,70.48,125.89,115.73,102.20,172.77,105.48,147.64,119.04,145.30,160.46,147.26
July 2010,109.42,174.44,162.65,140.22,126.10,184.11,146.74,136.40,106.55,123.55,155.30,70.23,123.30,115.04,101.02,173.15,104.69,145.98,117.92,144.81,159.98,146.56
August 2010,107.46,173.15,161.35,139.02,125.36,182.69,145.60,134.92,105.51,123.60,154.52,69.42,121.99,114.49,100.32,172.16,103.70,144.43,116.57,143.44,159.01,145.63
September 2010,105.94,172.70,160.30,138.61,125.08,182.41,144.00,134.06,104.09,120.62,153.32,68.21,119.09,114.01,100.32,172.14,101.90,142.29,115.60,142.85,157.96,144.40
October 2010,104.58,172.46,158.76,136.67,125.08,182.51,143.00,133.49,102.65,118.75,152.64,67.71,117.83,113.65,99.84,169.33,101.07,140.49,115.16,141.42,156.89,143.37
November 2010,103.59,172.10,159.72,136.4,124.56,182.83,142.69,132.72,101.52,117.79,152.69,67.27,116.66,113.68,99.93,168.63,99.60,139.10,115.03,140.83,156.56,142.89
December 2010,102.44,170.93,159.52,136.27,124.87,183.65,142.27,130.48,101.31,117.34,153.38,67.54,116.3,113.37,99.02,168.03,100.71,138.02,115.92,139.55,156.14,142.53
January 2011,102.06,170.98,158.97,136.01,125.02,183.74,141.13,130.41,102.58,117.07,153.94,67.76,114.61,112.86,99.23,166.78,101.13,137.66,116.4,138.11,155.66,142.14
February 2011,102.26,170.64,157.52,134.08,124.93,183.89,139.11,130.02,103.58,116.50,152.95,68.32,113.19,112.23,98.68,166.20,101.66,136.48,116.77,135.52,155.10,141.74
March 2011,102.21,170.84,156.38,134.52,123.79,182.81,139.21,129.57,103.51,115.63,151.84,67.6,110.99,110.76,98.15,165.25,100.52,136.17,115.52,136.31,154.64,141.2
April 2011,102.11,170.82,155.91,134.54,124.04,181.56,139.77,128.62,103.55,114.12,150.28,67.23,111.7,111.3,97.42,166.94,99.91,134.97,114.59,136.51,154.71,141.19
May 2011,101.3,169.86,155.22,134.3,124.07,181.58,140.4,127.89,102.6,114.49,151.71,67.73,111.85,111.56,96.42,166.96,99.28,134.57,113.89,136.25,154.46,140.91
June 2011,100.65,169.21,154.32,133.39,124.1,181.22,140.13,127.85,102.24,114.99,152.37,69.79,112.12,112.06,96.06,166.65,98.9,133.47,113.91,135.94,154.19,140.7
July 2011,99.72,168.24,152.98,132.32,123.39,182.06,139.84,127.7,100.95,115.03,152.07,71.58,112.29,111.59,95.66,167.48,98.97,133.58,114.07,135.35,153.98,140.5
August 2011,99.17,167.04,152.38,131.45,123.31,181.49,138.83,126.89,98.71,116.35,151.67,71.35,111.78,111.36,94.51,167.05,98.65,133.41,114.35,134.69,153.49,140.11
September 2011,99.1,165.45,151.73,130.42,123.37,182.34,138.17,125.03,93.92,114.32,151.43,71.57,111.37,111.03,93.02,167.61,98.85,134.2,114.65,133.51,152.56,139.12
October 2011,99.26,164.04,151.69,130.24,123.9,180.44,137.21,125.29,90.71,112.9,151.05,71.13,110.93,110.64,91.35,165.16,98.72,133.85,114.55,132.61,151.58,138.24
November 2011,99.92,162.81,151.1,128.95,124.33,180.18,136.43,124.6,89.68,110.79,150.32,70.92,111.35,110.04,90.83,164.05,98.51,132.48,114.19,131.94,150.52,137.37
December 2011,101.26,162.1,150.93,128.99,124.41,179.13,136.92,124.99,88.48,109.82,149.38,69.96,111.34,110.09,90.27,162.6,98.32,132.56,114.42,131.82,149.73,136.78
January 2012,103.36,161.81,150.58,128.03,125.23,179.6,138.49,125.54,87.43,109.29,149.55,70.41,112.61,110.09,90.21,161.61,97.48,131.76,114.98,132.7,149.31,136.59
February 2012,105.62,161.81,151.46,128.7,125.55,178.72,140.24,126.35,85.72,108.43,149.31,70.69,113.99,110.22,90.23,160.74,97.22,132.37,115.67,131.59,149.36,136.76
March 2012,108.44,162.68,152.14,130.59,126.99,181.84,142.8,127.98,85.21,107.6,150.45,70.76,114.74,111.35,90.77,160.5,98.06,132.46,117.29,134.56,150.22,137.64
April 2012,110.88,164.73,153.12,132.72,127.58,184.26,144.25,129.85,85.91,107.87,150.44,70.74,116.44,112.62,91.72,161.04,98.82,133.76,117.78,135.26,151.39,138.76
May 2012,112.91,166.48,153.47,135.09,128.56,186.96,145.2,131.17,87.63,111.11,151.47,73.12,117.13,113.07,93.34,162.07,99.46,135.14,118.2,137.01,152.88,140.2
June 2012,114.62,168.07,154.03,137.39,129.08,187.78,146.27,132.14,89.82,112.87,152.32,74.96,118.43,113.52,94.33,163.04,99.72,137.41,118.05,138.31,154.21,141.48
July 2012,116.26,168.98,154.21,138.58,130.08,188.64,147.2,132.24,90.79,113.81,153.38,75.99,119.39,114.05,94.8,163.04,99.33,137.79,118.21,139.41,154.85,142.1
